13,5,27,11,12,9,25,9,9,7,8,7,26,7,9,9,
13,5,27,11,12,9,25,9,9,7,9,7,26,7,9,9,
13,5,27,11,12,9,25,9,9,7,9,7,26,7,9,9,
13,5,27,11,12,9,25,9,9,7,9,7,26,7,9,9,
13,5,27,11,12,9,25,9,9,7,9,7,26,7,9,9,
13,5,27,11,12,9,25,9,9,7,8,7,26,7,9,9,
13,5,27,11,12,9,25,9,9,7,9,7,26,7,9,9,
8,4,18,10,10,9,18,9,9,6,8,8,21,7,9,9,
8,4,18,10,10,9,18,9,9,6,8,7,21,7,9,9,
8,4,18,10,10,9,18,9,9,6,8,7,21,7,9,9,
8,4,19,10,10,9,18,9,9,6,8,7,20,7,9,8,
8,4,18,10,10,9,18,9,9,6,8,7,21,7,9,9,
8,4,18,10,10,9,18,9,9,6,8,7,21,7,9,9,
8,4,18,10,10,9,19,9,9,6,8,7,21,7,9,9,
8,4,19,10,10,9,18,9,9,6,8,6,20,7,9,9,
8,4,18,10,10,9,18,9,9,6,8,7,21,7,9,9,
8,4,18,10,10,9,18,9,9,6,8,7,21,7,9,9,
8,4,18,10,10,9,19,9,9,6,8,7,21,7,9,9,
8,4,18,10,10,9,18,9,9,6,8,7,21,7,9,9,
8,4,18,10,10,9,18,9,9,6,8,7,21,7,9,9,
8,4,18,10,10,9,18,9,9,6,8,7,21,7,9,9,
8,4,18,10,10,9,19,9,9,6,8,7,21,7,9,9,
8,4,18,10,10,9,18,9,9,6,8,7,21,7,9,9,
8,4,19,10,10,9,18,9,9,6,8,6,20,7,9,9,
8,4,18,10,11,9,18,9,9,6,8,7,21,7,9,9,
8,4,18,10,10,9,18,9,9,6,8,7,21,7,9,9,
8,4,18,10,10,9,18,9,9,6,8,7,21,7,9,9,
8,4,18,10,10,9,18,9,9,6,8,7,21,7,9,9,
8,4,18,10,10,9,18,9,9,6,8,7,21,7,9,9,
8,4,18,10,10,9,18,9,9,6,8,7,21,7,9,9,
8,4,18,10,10,9,19,9,9,6,8,7,21,7,9,9,
8,4,19,10,10,9,18,9,9,6,8,6,20,7,9,9,
8,4,18,10,10,9,19,9,9,6,8,7,21,7,9,9,
8,4,18,10,10,9,18,9,9,6,8,7,21,7,9,9,
8,4,19,10,10,9,18,9,9,6,8,6,20,7,9,9,
8,4,18,10,10,9,18,9,9,6,8,7,21,7,9,9,
8,4,18,10,11,9,19,9,9,6,8,7,21,7,9,9,
8,4,18,10,10,9,18,9,9,6,8,7,21,7,9,9,
8,4,18,10,10,9,18,9,9,6,8,7,21,7,9,9,
8,4,18,10,10,9,18,9,9,6,8,7,21,7,9,9,
8,4,18,10,10,9,18,9,9,6,8,7,21,7,9,9,
8,4,19,10,10,9,18,9,9,6,8,6,20,7,9,8,
8,4,19,10,10,9,18,9,9,6,8,7,20,7,9,8,
8,4,18,10,10,9,19,9,9,6,8,7,21,7,9,9,
8,4,19,10,10,9,18,9,9,6,8,7,21,7,9,9,
8,4,18,10,10,9,18,9,9,6,8,7,21,7,9,9,
8,4,18,10,11,9,18,9,9,6,8,7,21,7,9,9,
8,4,18,10,10,9,19,9,9,6,8,7,21,7,9,8,
8,4,18,10,11,9,18,9,9,6,8,7,21,7,9,9,
8,4,18,10,10,9,18,9,9,6,8,7,21,7,9,9,
8,4,18,10,10,9,18,9,9,6,8,7,21,7,9,9,
8,4,18,10,10,9,18,9,9,6,8,7,21,7,9,9,
8,4,18,10,10,9,18,9,9,6,8,7,21,7,9,9,
8,4,18,10,10,9,18,9,9,6,8,7,21,7,9,9,
8,4,18,10,11,9,19,9,9,6,8,7,21,7,9,9,
8,4,19,10,10,9,18,9,9,6,8,6,20,7,9,9,
8,4,18,10,10,9,19,9,9,6,8,7,21,7,9,9,
8,4,18,10,10,9,19,9,9,6,8,7,21,7,9,9,
8,4,18,10,10,9,18,9,9,6,8,7,21,7,9,9,
8,4,18,10,10,9,18,9,9,6,8,7,21,7,9,9,
8,4,18,10,10,9,18,9,9,6,8,7,21,7,9,9,
8,4,18,10,11,9,19,9,9,6,8,7,20,7,9,9,
8,4,18,10,10,9,18,9,9,6,8,8,21,7,9,9,
8,4,18,10,10,9,19,9,9,6,8,7,21,7,9,9,
8,4,18,10,10,9,18,9,9,6,8,7,21,7,9,9,
8,4,18,10,10,9,18,9,9,6,8,7,21,7,9,9,
8,4,18,10,10,9,18,9,9,6,8,7,21,7,9,9,
8,4,18,10,10,9,19,9,9,6,8,7,21,7,9,9,
8,4,19,10,10,9,18,9,9,6,8,6,20,7,9,9,
8,4,18,10,10,9,19,9,9,6,8,7,21,7,9,9,
8,4,18,10,10,9,18,9,9,6,8,7,21,7,9,9,
8,4,18,10,10,9,19,9,9,6,8,7,21,7,9,9,
8,4,18,10,10,9,18,9,9,6,8,7,21,7,9,9,
8,4,18,10,10,9,19,9,9,6,8,7,21,7,9,9,
8,4,19,10,10,9,18,9,9,6,8,7,20,7,9,9,
8,4,18,10,11,9,19,9,9,6,8,7,21,7,9,9,
8,4,18,10,10,9,18,9,9,6,8,7,21,7,9,9,
8,4,18,10,10,9,19,9,9,6,8,7,21,7,9,8,
8,4,18,10,11,9,18,9,9,6,8,7,21,7,9,9,
8,4,18,10,10,9,18,9,9,6,8,7,21,7,9,9,
8,4,19,10,10,9,18,9,9,6,8,6,20,7,9,9,
8,4,18,10,10,9,18,9,9,6,8,7,21,7,9,9,
8,4,18,10,10,9,19,9,9,6,8,7,21,7,9,9,
8,4,18,10,10,9,19,9,9,6,8,7,21,7,9,9,
8,4,18,10,10,9,18,9,9,6,8,7,21,7,9,9,
8,4,18,10,10,9,18,9,9,6,8,7,21,7,9,9,
8,4,18,10,10,9,18,9,9,6,8,7,21,7,9,9,
8,4,18,10,10,9,18,9,9,6,8,7,21,7,9,9,
8,4,18,10,10,9,18,9,9,6,8,7,21,7,9,9,
8,4,19,10,10,9,18,9,9,6,8,6,20,7,9,9,
8,4,18,10,11,9,19,9,9,6,8,7,21,7,9,9,
8,4,19,10,10,9,18,9,9,6,8,7,21,7,9,9,
8,4,18,10,10,9,18,9,9,6,8,7,21,7,9,9,
8,4,19,10,10,9,18,9,9,6,8,7,20,7,9,9,
8,4,18,10,10,9,18,9,9,6,8,7,21,7,9,9,
8,4,19,10,10,9,18,9,9,6,8,6,20,7,9,9,
8,4,18,10,10,9,18,9,9,6,8,8,21,7,9,9,
8,4,18,10,10,9,18,9,9,6,8,8,21,7,9,9,
8,4,18,10,10,9,18,9,9,6,8,7,21,7,9,9,
8,4,18,10,10,9,19,9,9,6,8,7,21,7,9,9,
8,4,18,10,10,9,18,9,9,6,8,7,21,7,9,9,
8,4,18,10,10,9,18,9,9,6,8,7,21,7,9,9,
8,4,19,10,10,9,18,9,9,6,8,7,20,7,9,9,
8,4,18,10,10,9,18,9,9,6,8,7,21,7,9,9,
8,4,19,10,10,9,18,9,9,6,8,6,20,7,9,9,
8,4,18,10,10,9,19,9,9,6,8,7,21,7,9,9,
8,4,18,10,10,9,19,9,9,6,8,7,21,7,9,9,
8,4,19,10,10,9,18,9,9,6,8,7,21,7,9,8,
8,4,19,10,10,9,18,9,9,6,8,7,20,7,9,8,
8,4,18,10,10,9,18,9,9,6,8,7,21,7,9,9,
8,4,18,10,11,9,18,9,9,6,8,7,21,7,9,9,
8,4,18,10,10,9,18,9,9,6,8,7,21,7,9,9,
8,4,18,10,10,9,18,9,9,6,8,7,21,7,9,9,
8,4,18,10,10,9,18,9,9,6,8,7,21,7,9,9,
8,4,18,10,10,9,19,9,9,6,8,7,21,7,9,9,
8,4,18,10,10,9,18,9,9,6,8,8,21,7,9,9,
8,4,18,10,10,9,18,9,9,6,8,7,21,7,9,9,
8,4,18,10,10,9,18,9,9,6,8,7,21,7,9,9,
8,4,19,10,10,9,18,9,9,6,8,7,20,7,9,8,
8,4,19,10,10,9,18,9,9,6,8,6,20,7,9,9,
8,4,18,10,10,9,18,9,9,6,8,7,21,7,9,9,
8,4,18,10,10,9,18,9,9,6,8,7,21,7,9,9,
8,4,18,10,11,9,18,9,9,6,9,7,21,7,9,9,
8,4,19,10,10,9,18,9,9,6,8,7,20,7,9,9,
8,4,19,10,10,9,18,9,9,6,8,7,20,7,9,8,
8,4,18,10,11,9,18,9,9,6,8,7,21,7,9,9,
8,4,18,10,10,9,18,9,9,6,8,7,21,7,9,9,
8,4,18,10,11,9,18,9,9,6,9,8,21,7,9,9,
8,4,19,10,10,9,18,9,9,6,8,6,20,7,9,8,
8,4,18,10,10,9,19,9,9,6,8,7,21,7,9,8,
8,4,18,10,10,9,19,9,9,6,8,7,21,7,9,8,
8,4,19,10,10,9,18,9,9,6,8,7,20,7,9,9,
8,4,18,10,10,9,18,9,9,6,8,7,21,7,9,9,
8,4,18,10,10,9,19,9,9,6,8,7,21,7,9,9,
8,4,18,10,10,9,18,9,9,6,8,7,21,7,9,9,
8,4,19,10,10,9,18,9,9,6,8,7,20,7,9,8,
8,4,19,10,10,9,18,9,9,6,8,6,20,7,9,8,
8,4,18,10,10,9,18,9,9,6,8,7,21,7,9,9,
8,4,18,10,10,9,18,9,9,6,8,7,21,7,9,9,
8,4,18,10,10,9,18,9,9,6,8,7,21,7,9,9,
8,4,18,10,10,9,19,9,9,6,8,7,21,7,9,9,
8,4,18,10,10,9,18,9,9,6,8,7,21,7,9,9,
8,4,19,10,10,9,18,9,9,6,8,6,20,7,9,9,
8,4,18,10,10,9,18,9,9,6,8,7,21,7,9,9,
8,4,18,10,10,9,18,9,9,6,8,7,21,7,9,9,
8,4,18,10,10,9,18,9,9,6,8,7,21,7,9,8,
8,4,18,10,10,9,18,9,9,6,8,7,21,7,9,9,
8,4,18,10,10,9,18,9,9,6,8,7,21,7,9,9,
8,4,18,10,10,9,18,9,9,6,8,7,21,7,9,9,
8,4,18,10,10,9,19,9,9,6,8,7,21,7,9,9,
8,4,18,10,10,9,19,9,9,6,8,7,21,7,9,8,
8,4,18,10,10,9,19,9,9,6,8,7,21,7,9,8,
8,4,18,10,10,9,18,9,9,6,8,8,21,7,9,9,
8,4,18,10,10,9,18,9,9,6,8,7,21,7,9,9,
8,4,18,10,10,9,18,9,9,6,8,7,21,7,9,9,
8,4,18,10,10,9,18,9,9,6,8,7,21,7,9,9,
8,4,18,10,10,9,18,9,9,6,8,7,21,7,9,9,
8,4,18,10,10,9,18,9,9,6,8,7,21,7,9,9,
8,4,18,10,10,9,18,9,9,6,8,7,21,7,9,9,
8,4,19,10,10,9,18,9,9,6,8,6,20,7,9,8,
8,4,19,10,10,9,18,9,9,6,8,7,20,7,9,9,
8,4,19,10,10,9,18,9,9,6,8,6,20,7,9,9,
8,4,18,10,10,9,18,9,9,6,8,7,21,7,9,9,
8,4,19,10,10,9,18,9,9,6,8,6,20,7,9,9,
8,4,18,10,10,9,18,9,9,6,8,7,21,7,9,9,
8,4,19,10,10,9,18,9,9,6,8,6,20,7,9,9,
8,4,18,10,10,9,18,9,9,6,8,7,21,7,9,9,
8,4,19,10,10,9,18,9,9,6,8,6,20,7,9,9,
8,4,19,10,10,9,18,9,9,6,8,7,21,7,9,9,
8,4,18,10,10,9,18,9,9,6,8,7,21,7,9,9,
8,4,18,10,10,9,18,9,9,6,8,7,21,7,9,9,
8,4,18,10,10,9,19,9,9,6,8,7,21,7,9,9,
8,4,18,10,10,9,19,9,9,6,8,7,21,7,9,9,
8,4,19,10,10,9,18,9,9,6,8,6,20,7,9,8,
8,4,19,10,10,9,18,9,9,6,8,6,20,7,9,9,
8,4,18,10,10,9,18,9,9,6,8,7,21,7,9,9,
8,4,18,10,10,9,18,9,9,6,8,7,21,7,9,9,
8,4,19,10,10,9,18,9,9,6,8,6,20,7,9,9,
8,4,19,10,10,9,18,9,9,6,8,6,20,7,9,9,
8,4,18,10,11,9,18,9,9,6,8,7,21,7,9,9,
8,4,18,10,10,9,19,9,9,6,8,7,21,7,9,9,
8,4,18,10,10,9,18,9,9,6,8,7,21,7,9,9,
8,4,18,10,11,9,18,9,9,6,8,7,21,7,9,9,
8,4,19,10,10,9,18,9,9,6,8,6,20,7,9,9,
8,4,18,10,10,9,18,9,9,6,8,7,21,7,9,9,
8,4,18,10,10,9,18,9,9,6,8,7,21,7,9,9,
8,4,18,10,10,9,19,9,9,6,8,7,21,7,9,9,
8,4,18,10,11,9,19,9,9,6,8,7,21,7,9,9,
8,4,18,10,10,9,18,9,9,6,8,7,21,7,9,8,
8,4,18,10,10,9,19,9,9,6,8,7,21,7,9,9,
8,4,18,10,10,9,18,9,9,6,8,7,21,7,9,9,
8,4,19,10,10,9,18,9,9,6,8,7,21,7,9,9,
8,4,18,10,10,9,18,9,9,6,8,7,21,7,9,9,
8,4,19,10,10,9,18,9,9,6,8,6,20,7,9,9,
8,4,18,10,11,9,19,9,9,6,8,7,21,7,9,9,
8,4,18,10,10,9,18,9,9,6,8,7,21,7,9,9,
8,4,18,10,10,9,18,9,9,6,8,7,21,7,9,9,
8,4,19,10,10,9,18,9,9,6,8,6,20,7,9,9,
8,4,18,10,10,9,19,9,9,6,8,7,21,7,9,9,
8,4,18,10,10,9,18,9,9,6,8,7,21,7,9,9,
8,4,18,10,11,9,18,9,9,6,8,7,21,7,9,9,
8,4,19,10,10,9,18,9,9,6,8,6,20,7,9,9,
8,4,18,10,10,9,19,9,9,6,8,7,21,7,9,9,
8,4,18,10,10,9,18,9,9,6,8,7,21,7,9,9,
8,4,18,10,10,9,18,9,9,6,8,7,21,7,9,9,
8,4,18,10,10,9,19,9,9,6,8,7,21,7,9,9,
8,4,19,10,10,9,18,9,9,6,8,6,20,7,9,9,
8,4,18,10,10,9,19,9,9,6,8,7,21,7,9,8,
8,4,18,10,10,9,18,9,9,6,8,7,21,7,9,9,
8,4,18,10,10,9,18,9,9,6,8,7,21,7,9,9,
8,4,18,10,11,9,18,9,9,6,8,7,21,7,9,9,
8,4,18,10,10,9,19,9,9,6,8,7,21,7,9,9,
8,4,18,10,10,9,19,9,9,6,8,7,21,7,9,9,
8,4,19,10,10,9,18,9,9,6,8,7,20,7,9,9,
8,4,19,10,10,9,18,9,9,6,8,6,20,7,9,9,
8,4,19,10,10,9,18,9,9,6,8,7,20,7,9,8,
8,4,18,10,10,9,19,9,9,6,8,7,21,7,9,9,
8,4,18,10,10,9,19,9,9,6,8,7,21,7,9,9,
8,4,18,10,10,9,19,9,9,6,8,7,21,7,9,9,
8,4,18,10,11,9,18,9,9,6,8,7,21,7,9,9,
8,4,18,10,10,9,18,9,9,6,8,7,21,7,9,9,
8,4,19,10,10,9,18,9,9,6,8,6,20,7,9,8,
8,4,18,10,10,9,18,9,9,6,8,7,21,7,9,9,
8,4,18,10,10,9,18,9,9,6,8,7,21,7,9,9,
8,4,18,10,10,9,19,9,9,6,8,7,21,7,9,8,
8,4,18,10,10,9,19,9,9,6,8,7,21,7,9,9,
8,4,18,10,10,9,19,9,9,6,8,7,21,7,9,9,
8,4,19,10,10,9,18,9,9,6,8,6,20,7,9,9,
8,4,19,10,10,9,18,9,9,6,8,6,20,7,9,9,
8,4,18,10,10,9,18,9,9,6,8,7,21,7,9,9,
8,4,18,10,11,9,18,9,9,6,8,7,21,7,9,9,
8,4,18,10,11,9,18,9,9,6,8,7,21,7,9,9,
8,4,18,10,11,9,18,9,9,6,8,7,21,7,9,9,
8,4,18,10,10,9,19,9,9,6,8,7,21,7,9,8,
8,4,18,10,10,9,18,9,9,6,8,7,21,7,9,9,
8,4,18,10,10,9,18,9,9,6,8,7,21,7,9,9,
8,4,18,10,10,9,18,9,9,6,8,7,21,7,9,9,
8,4,18,10,10,9,18,9,9,6,8,8,21,7,9,9,
8,4,19,10,10,9,18,9,9,6,8,6,20,7,9,9,
8,4,18,10,10,9,18,9,9,6,8,7,21,7,9,9,
8,4,18,10,10,9,18,9,9,6,8,7,21,7,9,9,
8,4,18,10,10,9,18,9,9,6,8,7,21,7,9,9,
8,4,18,10,10,9,18,9,9,6,8,7,21,7,9,9,
8,4,18,10,10,9,19,9,9,6,8,7,21,7,9,9,
8,4,19,10,10,9,18,9,9,6,8,6,20,7,9,9,
8,4,18,10,11,9,18,9,9,6,8,7,21,7,9,9,
8,4,18,10,10,9,18,9,9,6,8,7,21,7,9,9,
8,4,18,10,10,9,18,9,9,6,8,7,21,7,9,9,
8,4,18,10,10,9,18,9,9,6,8,7,21,7,9,9,
8,4,18,10,10,9,18,9,9,6,8,7,21,7,9,9,
8,4,18,10,10,9,19,9,9,6,8,7,21,7,9,9,
8,4,18,10,10,9,19,9,9,6,8,7,21,7,9,9,
8,4,18,10,10,9,18,9,9,6,8,7,21,7,9,9,
8,4,18,10,10,9,18,9,9,6,8,7,21,7,9,9,
8,4,18,10,10,9,18,9,9,6,8,7,21,7,9,9,
8,4,19,10,10,9,18,9,9,6,8,6,20,7,9,8,
8,4,19,10,10,9,18,9,9,6,8,7,20,7,9,9,
8,4,18,10,10,9,18,9,9,6,8,7,21,7,9,9,
8,4,18,10,10,9,18,9,9,6,8,7,21,7,9,9,
8,4,18,10,10,9,18,9,9,6,8,7,21,7,9,9,
8,4,19,10,10,9,18,9,9,6,8,7,21,7,9,9,
8,4,18,10,10,9,18,9,9,6,8,7,21,7,9,9,
8,4,19,10,10,9,18,9,9,6,8,6,20,7,9,9,
8,4,19,10,10,9,18,9,9,6,8,7,20,7,9,8,
8,4,18,10,11,9,19,9,9,6,8,7,21,7,9,9,
8,4,18,10,10,9,18,9,9,6,8,7,21,7,9,9,
8,4,18,10,11,9,18,9,9,6,8,7,21,7,9,9,
8,4,19,10,10,9,18,9,9,6,8,7,20,7,9,9,
8,4,18,10,10,9,18,9,9,6,8,7,21,7,9,9,
8,4,18,10,10,9,19,9,9,6,8,7,21,7,9,8,
8,4,19,10,10,9,18,9,9,6,8,6,20,7,9,9,
8,4,18,10,10,9,18,9,9,6,8,7,20,7,9,9,
8,4,18,10,10,9,18,9,9,6,8,7,21,7,9,9,
8,4,18,10,10,9,18,9,9,6,8,7,21,7,9,9,
8,4,18,10,10,9,18,9,9,6,8,7,21,7,9,9,
8,4,19,10,10,9,18,9,9,6,8,6,20,7,9,9,
8,4,19,10,10,9,18,9,9,6,8,6,20,7,9,9,
8,4,19,10,10,9,18,9,9,6,8,6,20,7,9,8,
8,4,19,10,10,9,18,9,9,6,8,6,20,7,9,9,
8,4,19,10,10,9,18,9,9,6,8,7,20,7,9,9,
8,4,18,10,10,9,19,9,9,6,8,8,21,7,9,9,
8,4,19,10,10,9,18,9,9,6,8,6,20,7,9,9,
8,4,18,10,11,9,18,9,9,6,8,7,21,7,9,9,
8,4,18,10,10,9,18,9,9,6,8,7,21,7,9,9,
8,4,18,10,10,9,19,9,9,6,8,7,21,7,9,9,
8,4,18,10,10,9,19,9,9,6,8,7,21,7,9,9,
8,4,19,10,10,9,18,9,9,6,8,6,20,7,9,9,
8,4,18,10,10,9,18,9,9,6,8,7,21,7,9,9,
8,4,18,10,10,9,19,9,9,6,8,7,21,7,9,8,
8,4,18,10,10,9,18,9,9,6,8,7,21,7,9,9,
8,4,19,10,10,9,18,9,9,6,8,6,20,7,9,9,
8,4,19,10,10,9,18,9,9,6,8,7,20,7,9,9,
8,4,18,10,10,9,18,9,9,6,8,7,21,7,9,9,
8,4,19,10,10,9,18,9,9,6,8,6,20,7,9,9,
8,4,18,10,10,9,18,9,9,6,8,7,21,7,9,9,
8,4,19,10,10,9,18,9,9,6,8,7,20,7,9,9,
8,4,19,10,10,9,18,9,9,6,8,6,20,7,9,9,
8,4,19,10,10,9,18,9,9,6,8,7,20,7,9,9,
8,4,18,10,10,9,18,9,9,6,8,7,21,7,9,9,
8,4,18,10,11,9,19,9,9,6,8,7,21,7,9,9,
8,4,18,10,10,9,18,9,9,6,8,7,21,7,9,9,
8,4,19,10,10,9,18,9,9,6,8,7,20,7,9,9,
8,4,18,10,10,9,18,9,9,6,8,7,21,7,9,9,
8,4,18,10,10,9,18,9,9,6,8,7,21,7,9,9,
8,4,19,10,10,9,18,9,9,6,8,7,21,7,9,9,
8,4,18,10,10,9,18,9,9,6,8,7,21,7,9,9,
8,4,18,10,10,9,19,9,9,6,8,7,21,7,9,8,
8,4,18,10,10,9,19,9,9,6,8,7,21,7,9,9,
8,4,18,10,10,9,18,9,9,6,8,7,21,7,9,9,
8,4,18,10,10,9,18,9,9,6,8,7,21,7,9,9,
8,4,18,10,10,9,18,9,9,6,8,7,21,7,9,9,
8,4,18,10,11,9,19,9,9,6,8,7,21,7,9,9,
8,4,18,10,10,9,18,9,9,6,8,7,21,7,9,9,
8,4,18,10,10,9,18,9,9,6,8,7,21,7,9,9,
8,4,19,10,10,9,18,9,9,6,8,7,20,7,9,9,
8,4,19,10,10,9,18,9,9,6,8,6,20,7,9,9,
8,4,19,10,10,9,18,9,9,6,8,7,20,7,9,9,
8,4,18,10,10,9,18,9,9,6,8,7,21,7,9,9,
8,4,18,10,10,9,18,9,9,6,8,7,21,7,9,9,
8,4,19,10,10,9,18,9,9,6,8,6,20,7,9,9,
8,4,18,10,10,9,18,9,9,6,9,8,21,7,9,9,
8,4,18,10,10,9,18,9,9,6,8,7,21,7,9,9,
8,4,18,10,10,9,18,9,9,6,8,7,21,7,9,9,
8,4,19,10,10,9,18,9,9,6,8,6,20,7,9,9,
8,4,18,10,10,9,18,9,9,6,8,7,21,7,9,9,
8,4,18,10,10,9,18,9,9,6,8,8,21,7,9,9,
8,4,18,10,10,9,18,9,9,6,8,7,21,7,9,9,
8,4,18,10,10,9,19,9,9,6,8,7,21,7,9,9,
8,4,18,10,10,9,18,9,9,6,8,7,21,7,9,9,
8,4,18,10,10,9,18,9,9,6,8,7,21,7,9,9,
8,4,18,10,10,9,18,9,9,6,8,7,21,7,9,9,
8,4,18,10,10,9,19,9,9,6,8,7,21,7,9,9,
8,4,18,10,10,9,19,9,9,6,8,7,21,7,9,9,
8,4,18,10,10,9,19,9,9,6,8,7,21,7,9,9,
8,4,19,10,10,9,18,9,9,6,8,6,20,7,9,9,
8,4,19,10,10,9,18,9,9,6,8,6,20,7,9,8,
8,4,18,10,10,9,18,9,9,6,8,7,21,7,9,9,
8,4,19,10,10,9,18,9,9,6,8,6,20,7,9,9,
8,4,18,10,10,9,19,9,9,6,8,7,21,7,9,9,
8,4,18,10,10,9,18,9,9,6,8,7,21,7,9,9,
8,4,18,10,10,9,19,9,9,6,8,7,21,7,9,8,
8,4,18,10,10,9,18,9,9,6,8,7,21,7,9,9,
8,4,19,10,10,9,18,9,9,6,8,7,21,7,9,9,
8,4,18,10,10,9,19,9,9,6,8,7,21,7,9,8,
8,4,18,10,10,9,19,9,9,6,8,7,21,7,9,9,
8,4,18,10,11,9,18,9,9,6,8,7,21,7,9,8,
8,4,18,10,10,9,18,9,9,6,8,7,21,7,9,9,
8,4,18,10,10,9,18,9,9,6,8,7,21,7,9,9,
8,4,18,10,11,9,18,9,9,6,8,7,21,7,9,9,
8,4,19,10,10,9,18,9,9,6,8,7,20,7,9,8,
8,4,18,10,11,9,19,9,9,6,8,7,21,7,9,9,
8,4,18,10,11,9,18,9,9,6,8,7,21,7,9,9,
8,4,18,10,10,9,18,9,9,6,8,7,21,7,9,9,
8,4,18,10,10,9,18,9,9,6,8,7,21,7,9,9,
8,4,18,10,10,9,18,9,9,6,8,7,21,7,9,9,
8,4,18,10,10,9,19,9,9,6,8,7,21,7,9,9,
8,4,18,10,10,9,18,9,9,6,8,7,21,7,9,9,
8,4,18,10,11,9,18,9,9,6,8,7,21,7,9,9,
8,4,18,10,10,9,18,9,9,6,8,7,21,7,9,9,
8,4,18,10,10,9,18,9,9,6,8,7,21,7,9,9,
8,4,18,10,10,9,18,9,9,6,8,7,21,7,9,9,
8,4,18,10,11,9,19,9,9,6,8,7,21,7,9,9,
8,4,18,10,11,9,19,9,9,6,8,7,21,7,9,9,
8,4,19,10,10,9,18,9,9,6,8,7,20,7,9,9,
8,4,18,10,10,9,18,9,9,6,8,7,21,7,9,9,
8,4,18,10,10,9,18,9,9,6,8,7,21,7,9,9,
8,4,18,10,10,9,18,9,9,6,8,7,21,7,9,9,
8,4,19,10,10,9,18,9,9,6,8,7,20,7,9,8,
8,4,18,10,10,9,19,9,9,6,8,7,21,7,9,9,
8,4,19,10,10,9,18,9,9,6,8,6,20,7,9,9,
8,4,19,10,10,9,18,9,9,6,8,7,21,7,9,9,
8,4,18,10,11,9,18,9,9,6,8,7,21,7,9,9,
8,4,18,10,10,9,18,9,9,6,8,7,21,7,9,8,
8,4,18,10,10,9,18,9,9,6,8,7,21,7,9,9,
8,4,18,10,10,9,18,9,9,6,8,7,21,7,9,9,
8,4,18,10,11,9,19,9,9,6,8,7,21,7,9,8,
8,4,18,10,10,9,18,9,9,6,8,7,21,7,9,9,
8,4,18,10,10,9,19,9,9,6,8,7,21,7,9,9,
8,4,18,10,10,9,19,9,9,6,8,7,21,7,9,9,
8,4,18,10,10,9,19,9,9,6,8,7,21,7,9,9,
8,4,18,10,10,9,19,9,9,6,8,7,21,7,9,9,
8,4,19,10,10,9,18,9,9,6,8,7,20,7,9,9,
8,4,18,10,10,9,18,9,9,6,8,7,21,7,9,9,
8,4,18,10,11,9,18,9,9,6,8,7,21,7,9,9,
8,4,18,10,10,9,18,9,9,6,8,7,21,7,9,9,
8,4,18,10,10,9,19,9,9,6,8,7,21,7,9,9,
8,4,18,10,10,9,18,9,9,6,8,7,21,7,9,9,
8,4,18,10,10,9,18,9,9,6,8,7,21,7,9,9,
8,4,18,10,11,9,18,9,9,6,8,7,21,7,9,9,
8,4,18,10,11,9,19,9,9,6,8,7,20,7,9,9,
8,4,18,10,10,9,19,9,9,6,8,7,21,7,9,9,
8,4,18,10,10,9,18,9,9,6,8,7,21,7,9,9,
8,4,18,10,10,9,19,9,9,6,8,7,21,7,9,9,
8,4,19,10,10,9,18,9,9,6,8,6,20,7,9,8,
8,4,18,10,10,9,19,9,9,6,8,7,21,7,9,9,
8,4,18,10,10,9,19,9,9,6,8,7,21,7,9,9,
8,4,19,10,10,9,18,9,9,6,8,6,20,7,9,9,
8,4,19,10,10,9,18,9,9,6,8,6,20,7,9,9,
8,4,19,10,10,9,18,9,9,6,8,6,20,7,9,8,
8,4,18,10,10,9,18,9,9,6,8,7,21,7,9,9,
8,4,18,10,10,9,18,9,9,6,8,7,21,7,9,9,
8,4,18,10,10,9,18,9,9,6,8,7,21,7,9,9,
8,4,18,10,10,9,18,9,9,6,8,7,21,7,9,9,
8,4,18,10,11,9,18,9,9,6,8,7,21,7,9,9,
8,4,18,10,10,9,19,9,9,6,8,7,21,7,9,9,
8,4,18,10,11,9,19,9,9,6,8,7,21,7,9,8,
8,4,18,10,10,9,18,9,9,6,8,7,21,7,9,9,
8,4,18,10,10,9,18,9,9,6,8,7,21,7,9,8,
8,4,18,10,10,9,19,9,9,6,8,7,21,7,9,8,
8,4,18,10,11,9,18,9,9,6,8,7,21,7,9,9,
8,4,18,10,10,9,18,9,9,6,8,7,21,7,9,9,
8,4,18,10,10,9,18,9,9,6,8,7,21,7,9,9,
8,4,19,10,10,9,18,9,9,6,8,6,20,7,9,8,
8,4,18,10,11,9,18,9,9,6,8,7,21,7,9,9,
8,4,19,10,10,9,18,9,9,6,8,6,20,7,9,9,
8,4,18,10,11,9,18,9,9,6,8,7,21,7,9,9,
8,4,18,10,10,9,19,9,9,6,8,7,21,7,9,9,
8,4,18,10,10,9,18,9,9,6,8,7,21,7,9,9,
8,4,18,10,10,9,18,9,9,6,8,7,21,7,9,9,
8,4,18,10,10,9,18,9,9,6,8,7,21,7,9,9,
8,4,18,10,11,9,19,9,9,6,8,7,21,7,9,9,
8,4,18,10,10,9,18,9,9,6,8,7,21,7,9,9,
8,4,18,10,10,9,18,9,9,6,8,7,21,7,9,9,
8,4,18,10,10,9,18,9,9,6,8,7,21,7,9,9,
8,4,18,10,10,9,18,9,9,6,8,7,21,7,9,9,
8,4,19,10,10,9,18,9,9,6,8,6,20,7,9,9,
8,4,18,10,10,9,19,9,9,6,8,7,21,7,9,8,
8,4,19,10,10,9,18,9,9,6,8,7,20,7,9,9,
8,4,18,10,10,9,18,9,9,6,8,7,21,7,9,9,
8,4,18,10,10,9,18,9,9,6,8,7,21,7,9,9,
8,4,18,10,10,9,18,9,9,6,8,7,21,7,9,9,
8,4,18,10,10,9,18,9,9,6,8,7,21,7,9,9,
8,4,19,10,10,9,18,9,9,6,8,6,20,7,9,9,
8,4,18,10,10,9,18,9,9,6,8,7,21,7,9,9,
8,4,18,10,10,9,19,9,9,6,8,7,21,7,9,9,
8,4,18,10,10,9,18,9,9,6,8,7,21,7,9,9,
8,4,18,10,10,9,18,9,9,6,8,7,21,7,9,9,
8,4,18,10,10,9,18,9,9,6,8,7,21,7,9,8,
8,4,18,10,10,9,18,9,9,6,8,7,21,7,9,9,
8,4,18,10,10,9,18,9,9,6,8,7,21,7,9,9,
8,4,18,10,10,9,18,9,9,6,8,7,21,7,9,9,
8,4,19,10,10,9,18,9,9,6,8,6,20,7,9,8,
8,4,18,10,11,9,18,9,9,6,8,7,21,7,9,9,
8,4,18,10,10,9,18,9,9,6,8,7,21,7,9,9,
8,4,19,10,10,9,18,9,9,6,8,6,20,7,9,8,
8,4,18,10,10,9,18,9,9,6,8,7,21,7,9,9,
8,4,18,10,11,9,18,9,9,6,8,7,21,7,9,9,
8,4,18,10,11,9,18,9,9,6,8,7,21,7,9,9,
8,4,18,10,10,9,18,9,9,6,8,7,21,7,9,9,
8,4,18,10,10,9,19,9,9,6,8,7,21,7,9,9,
8,4,18,10,10,9,19,9,9,6,8,7,21,7,9,9,
8,4,18,10,10,9,18,9,9,6,8,7,21,7,9,9,
8,4,19,10,10,9,18,9,9,6,8,7,20,7,9,9,
8,4,18,10,11,9,18,9,9,6,8,7,20,7,9,8,
8,4,18,10,11,9,18,9,9,6,8,7,21,7,9,8,
8,4,19,10,10,9,18,9,9,6,8,7,20,7,9,9,
8,4,18,10,10,9,18,9,9,6,8,7,21,7,9,9,
8,4,18,10,10,9,18,9,9,6,8,7,21,7,9,9,
8,4,18,10,10,9,18,9,9,6,8,7,21,7,9,9,
8,4,18,10,10,9,18,9,9,6,8,7,21,7,9,9,
8,4,18,10,10,9,18,9,9,6,8,7,21,7,9,9,
8,4,18,10,10,9,18,9,9,6,8,7,20,7,9,9,
8,4,18,10,11,9,19,9,9,6,8,7,21,7,9,9,
8,4,19,10,10,9,18,9,9,6,8,6,20,7,9,9,
8,4,19,10,10,9,18,9,9,6,8,6,20,7,9,9,
8,4,18,10,11,9,19,9,9,6,8,7,21,7,9,9,
8,4,18,10,10,9,18,9,9,6,8,7,21,7,9,9,
8,4,18,10,10,9,18,9,9,6,8,7,21,7,9,9,
8,4,19,10,10,9,18,9,9,6,8,6,20,7,9,9,
8,4,18,10,11,9,18,9,9,6,8,7,21,7,9,9,
8,4,19,10,10,9,18,9,9,6,8,7,20,7,9,9,
8,4,18,10,10,9,18,9,9,6,8,7,21,7,9,9,
8,4,18,10,10,9,18,9,9,6,8,7,21,7,9,9,
8,4,19,10,10,9,18,9,9,6,8,6,20,7,9,9,
8,4,19,10,10,9,18,9,9,6,8,7,20,7,9,9,
8,4,18,10,10,9,18,9,9,6,8,7,21,7,9,9,
8,4,19,10,10,9,18,9,9,6,8,6,20,7,9,8,
8,4,18,10,10,9,19,9,9,6,8,7,21,7,9,9,
8,4,18,10,10,9,18,9,9,6,8,7,21,7,9,9,
8,4,18,10,10,9,19,9,9,6,8,7,21,7,9,9,
8,4,19,10,10,9,18,9,9,6,8,6,20,7,9,9,
8,4,19,10,10,9,18,9,9,6,8,7,21,7,9,9,
8,4,19,10,10,9,18,9,9,6,8,6,20,7,9,9,
8,4,18,10,11,9,19,9,9,6,8,7,21,7,9,9,
8,4,18,10,11,9,18,9,9,6,8,7,21,7,9,9,
8,4,19,10,10,9,18,9,9,6,8,7,20,7,9,8,
8,4,18,10,10,9,18,9,9,6,8,7,21,7,9,9,
8,4,18,10,10,9,19,9,9,6,8,7,21,7,9,9,
8,4,17,9,10,9,18,9,9,6,8,7,20,7,9,9,
9,4,20,10,11,9,19,9,9,6,8,7,21,7,9,9,
13,5,27,11,12,9,25,9,9,7,9,7,26,7,9,9,
13,5,27,11,12,9,25,9,9,7,9,7,26,7,9,9,
8,4,19,10,10,9,18,9,9,6,8,6,20,7,9,9,
13,5,27,11,12,9,25,9,9,7,8,7,26,7,9,9,
13,5,27,11,12,9,25,9,9,7,8,7,26,7,9,9,
13,5,27,11,12,9,25,9,9,7,9,7,26,7,9,9,
13,5,27,11,12,9,25,9,9,7,8,7,26,7,9,9,
13,5,27,11,12,9,25,9,9,7,9,7,26,7,9,9,
13,5,27,11,12,9,25,9,9,7,9,7,26,7,9,9,
13,5,27,11,12,9,25,9,9,7,8,7,26,7,9,9,
13,5,27,11,12,9,25,9,9,7,8,7,26,7,9,9,
13,5,27,11,12,9,25,9,9,7,8,7,26,7,9,9,
13,5,27,11,12,9,25,9,9,7,8,7,26,7,9,9,
13,5,27,11,12,9,25,9,9,7,8,7,26,7,9,9,
13,5,27,11,12,9,25,9,9,7,9,7,26,7,9,9,
13,5,27,11,12,9,25,9,9,7,9,7,26,7,9,9,
13,5,27,11,12,9,25,9,9,7,9,7,26,7,9,9,
13,5,27,11,12,9,25,9,9,7,8,7,26,7,9,9,
13,5,27,11,12,9,25,9,9,7,9,7,26,7,9,9,
13,5,27,11,12,9,25,9,9,7,9,7,26,7,9,9,
13,5,27,11,12,9,25,9,9,7,8,7,26,7,9,9,
13,5,27,11,12,9,25,9,9,7,9,7,26,7,9,9,
13,5,27,11,12,9,25,9,9,7,8,7,26,7,9,9,
13,5,27,11,12,9,25,9,9,7,8,7,26,7,9,9,
13,5,27,11,12,9,25,9,9,7,8,7,26,7,9,9,
13,5,27,11,12,9,25,9,9,7,8,7,26,7,9,9,
13,5,27,11,12,9,25,9,9,7,8,7,26,7,9,9,
13,5,27,11,12,9,25,9,9,7,9,7,26,7,9,9,
13,5,27,11,12,9,25,9,9,7,8,7,26,7,9,9,
13,5,27,11,12,9,25,9,9,7,9,7,26,7,9,9,
13,5,27,11,12,9,25,9,9,7,9,7,26,7,9,9,
13,5,27,11,12,9,25,9,9,7,8,7,26,7,9,9,
13,5,27,11,12,9,25,9,9,7,9,7,26,7,9,9,
15,5,29,11,13,9,26,9,9,8,9,8,27,7,9,9,
15,5,29,11,13,9,26,9,9,8,9,8,27,7,9,9,
15,5,29,11,13,9,26,9,9,8,9,8,27,7,9,9,
15,5,29,11,13,9,26,9,9,8,9,8,27,7,9,9,
15,5,29,11,13,9,26,9,9,8,9,8,27,7,9,9,
15,5,29,11,13,9,26,9,9,8,9,8,27,7,9,9,
15,5,29,11,13,9,26,9,9,8,9,8,27,7,9,9,
15,5,29,11,13,9,26,9,9,8,9,8,27,7,9,9,
15,5,29,11,13,9,26,9,9,8,9,8,27,7,9,9,
15,5,29,11,13,9,26,9,9,8,9,8,27,7,9,9,
15,5,29,11,13,9,26,9,9,8,9,8,27,7,9,9,
15,5,29,11,13,9,26,9,9,8,9,8,27,7,9,9,
15,5,29,11,13,9,26,9,9,8,9,8,27,7,9,9,
15,5,29,11,13,9,26,9,9,8,9,8,27,7,9,9,
15,5,29,11,13,9,26,9,9,8,9,8,27,7,9,9,
15,5,29,11,13,9,26,9,9,8,9,8,27,7,9,9,
15,5,29,11,13,9,26,9,9,8,9,8,27,7,9,9,
15,5,29,11,13,9,26,9,9,8,9,8,27,7,9,9,
15,5,29,11,13,9,26,9,9,8,9,8,27,7,9,9,
15,5,29,11,13,9,26,9,9,8,9,8,27,7,9,9,
15,5,29,11,13,9,26,9,9,8,9,8,27,7,9,9,
15,5,29,11,13,9,26,9,9,8,9,8,27,7,9,9,
15,5,29,11,13,9,26,9,9,8,9,8,27,7,9,9,
15,5,29,11,13,9,26,9,9,8,9,8,27,7,9,9,
15,5,29,11,13,9,26,9,9,8,9,8,27,7,9,9,
15,5,29,11,13,9,26,9,9,8,9,8,27,7,9,9,
15,5,29,11,13,9,26,9,9,8,9,8,27,7,9,9,
15,5,29,11,13,9,26,9,9,8,9,8,27,7,9,9,
15,5,29,11,13,9,26,9,9,8,9,8,27,7,9,9,
15,5,29,11,13,9,26,9,9,8,9,8,27,7,9,9,
15,5,29,11,13,9,26,9,9,8,9,8,27,7,9,9,
15,5,29,11,13,9,26,9,9,8,9,8,27,7,9,9,
15,5,29,11,13,9,26,9,9,8,9,8,27,7,9,9,
15,5,29,11,13,9,26,9,9,8,9,8,27,7,9,9,
15,5,29,11,13,9,26,9,9,8,9,8,27,7,9,9,
15,5,29,11,13,9,26,9,9,8,9,8,27,7,9,9,
15,5,29,11,13,9,26,9,9,8,9,8,27,7,9,9,
15,5,29,11,13,9,26,9,9,8,9,8,27,7,9,9,
15,5,29,11,13,9,26,9,9,8,9,8,27,7,9,9,
15,5,29,11,13,9,26,9,9,8,9,8,27,7,9,9,
15,5,29,11,13,9,26,9,9,8,9,8,27,7,9,9,
15,5,29,11,13,9,26,9,9,8,9,8,27,7,9,9,
15,5,29,11,13,9,26,9,9,8,9,8,27,7,9,9,
15,5,29,11,13,9,26,9,9,8,9,8,27,7,9,9,
15,5,29,11,13,9,26,9,9,8,9,8,27,7,9,9,
15,5,29,11,13,9,26,9,9,8,9,8,27,7,9,9,
15,5,29,11,13,9,26,9,9,8,9,8,27,7,9,9,
15,5,29,11,13,9,26,9,9,8,9,8,27,7,9,9,
15,5,29,11,13,9,26,9,9,8,9,8,27,7,9,9,
15,5,29,11,13,9,26,9,9,8,9,8,27,7,9,9,
15,5,29,11,13,9,26,9,9,8,9,8,27,7,9,9,
15,5,29,11,13,9,26,9,9,8,9,8,27,7,9,9,
15,5,29,11,13,9,26,9,9,8,9,8,27,7,9,9,
15,5,29,11,13,9,26,9,9,8,9,8,27,7,9,9,
15,5,29,11,13,9,26,9,9,8,9,8,27,7,9,9,
15,5,29,11,13,9,26,9,9,8,9,8,27,7,9,9,
15,5,29,11,13,9,26,9,9,8,9,8,27,7,9,9,
15,5,29,11,13,9,26,9,9,8,9,8,27,7,9,9,
15,5,29,11,13,9,26,9,9,8,9,8,27,7,9,9,
15,5,29,11,13,9,26,9,9,8,9,8,27,7,9,9,
15,5,29,11,13,9,26,9,9,8,9,8,27,7,9,9,
15,5,29,11,13,9,26,9,9,8,9,8,27,7,9,9,
15,5,29,11,13,9,26,9,9,8,9,8,27,7,9,9,
15,5,29,11,13,9,26,9,9,8,9,8,27,7,9,9,
15,5,29,11,13,9,26,9,9,8,9,8,27,7,9,9,
15,5,29,11,13,9,26,9,9,8,9,8,27,7,9,9,
15,5,29,11,13,9,26,9,9,8,9,8,27,7,9,9,
15,5,29,11,13,9,26,9,9,8,9,8,27,7,9,9,
15,5,29,11,13,9,26,9,9,8,9,8,27,7,9,9,
15,5,29,11,13,9,26,9,9,8,9,8,27,7,9,9,
15,5,29,11,13,9,26,9,9,8,9,8,27,7,9,9,
15,5,29,11,13,9,26,9,9,8,9,8,27,7,9,9,
15,5,29,11,13,9,26,9,9,8,9,8,27,7,9,9,
15,5,29,11,13,9,26,9,9,8,9,8,27,7,9,9,
15,5,29,11,13,9,26,9,9,8,9,8,27,7,9,9,
15,5,29,11,13,9,26,9,9,8,9,8,27,7,9,9,
15,5,29,11,13,9,26,9,9,8,9,8,27,7,9,9,
15,5,29,11,13,9,26,9,9,8,9,8,27,7,9,9,
15,5,29,11,13,9,26,9,9,8,9,8,27,7,9,9,
15,5,29,11,13,9,26,9,9,8,9,8,27,7,9,9,
15,5,29,11,13,9,26,9,9,8,9,8,27,7,9,9,
15,5,29,11,13,9,26,9,9,8,9,8,27,7,9,9,
15,5,29,11,13,9,26,9,9,8,9,8,27,7,9,9,
15,5,29,11,13,9,26,9,9,8,9,8,27,7,9,9,
15,5,29,11,13,9,26,9,9,8,9,8,27,7,9,9,
15,5,29,11,13,9,26,9,9,8,9,8,27,7,9,9,
15,5,29,11,13,9,26,9,9,8,9,8,27,7,9,9,
15,5,29,11,13,9,26,9,9,8,9,8,27,7,9,9,
15,5,29,11,13,9,26,9,9,8,9,8,27,7,9,9,
15,5,29,11,13,9,26,9,9,8,9,8,27,7,9,9,
15,5,29,11,13,9,26,9,9,8,9,8,27,7,9,9,
15,5,29,11,13,9,26,9,9,8,9,8,27,7,9,9,
15,5,29,11,13,9,26,9,9,8,9,8,27,7,9,9,
15,5,29,11,13,9,26,9,9,8,9,8,27,7,9,9,
15,5,29,11,13,9,26,9,9,8,9,8,27,7,9,9,
15,5,29,11,13,9,26,9,9,8,9,8,27,7,9,9,
15,5,29,11,13,9,26,9,9,8,9,8,27,7,9,9,
15,5,29,11,13,9,26,9,9,8,9,8,27,7,9,9,
15,5,29,11,13,9,26,9,9,8,9,8,27,7,9,9,
15,5,29,11,13,9,26,9,9,8,9,8,27,7,9,9,
10,4,23,10,12,9,23,9,9,7,8,7,24,7,9,9,
10,4,23,10,12,9,23,9,9,7,8,7,24,7,9,9,
10,4,23,10,12,9,23,9,9,7,8,7,25,7,9,9,
10,4,23,10,12,9,23,9,9,7,8,7,24,7,9,9,
10,4,23,10,12,9,23,9,9,7,8,7,24,7,9,9,
10,4,23,10,12,9,23,9,9,7,8,7,25,7,9,9,
10,4,23,10,12,9,23,9,9,7,8,7,25,7,9,9,
10,4,23,10,12,9,23,9,9,7,8,7,25,7,9,9,
10,4,23,10,12,9,23,9,9,7,8,7,25,7,9,9,
10,4,23,10,12,9,23,9,9,7,8,7,25,7,9,9,
10,4,23,10,12,9,23,9,9,7,8,7,25,7,9,9,
10,4,23,10,12,9,23,9,9,7,8,7,24,7,9,9,
10,4,23,10,12,9,23,9,9,7,8,7,25,7,9,9,
10,4,23,10,11,9,23,9,9,7,9,8,24,7,9,9,
10,4,23,10,12,9,23,9,9,7,8,7,25,7,9,9,
10,4,23,10,12,9,23,9,9,7,8,7,25,7,9,9,
10,4,23,10,12,9,23,9,9,7,8,7,25,7,9,9,
10,4,23,10,12,9,23,9,9,7,8,7,25,7,9,9,
10,4,23,10,12,9,23,9,9,7,8,7,24,7,9,9,
10,4,23,10,12,9,23,9,9,7,8,7,24,7,9,9,
10,4,23,10,12,9,23,9,9,7,8,7,24,7,9,9,
10,4,23,10,12,9,23,9,9,7,8,7,24,7,9,9,
10,4,23,10,12,9,23,9,9,7,8,7,24,7,9,9,
10,4,23,10,12,9,23,9,9,7,8,7,24,7,9,9,
10,4,23,10,12,9,23,9,9,7,8,7,25,7,9,9,
10,4,23,10,12,9,23,9,9,7,8,7,25,7,9,9,
10,4,23,10,12,9,23,9,9,7,8,7,25,7,9,9,
10,4,23,10,12,9,23,9,9,7,8,7,24,7,9,9,
10,4,23,10,12,9,23,9,9,7,8,7,24,7,9,9,
10,4,23,10,12,9,23,9,9,7,8,7,24,7,9,9,
10,4,23,10,12,9,23,9,9,7,8,7,24,7,9,9,
10,4,23,10,12,9,23,9,9,7,8,7,25,7,9,9,
10,4,23,10,12,9,23,9,9,7,8,7,25,7,9,9,
10,4,23,10,12,9,23,9,9,7,8,7,25,7,9,9,
10,4,23,10,12,9,23,9,9,7,8,7,24,7,9,9,
10,4,23,10,12,9,23,9,9,7,8,7,25,7,9,9,
10,4,23,10,12,9,23,9,9,7,8,7,25,7,9,9,
10,4,23,10,12,9,23,9,9,7,8,7,25,7,9,9,
10,4,23,10,12,9,23,9,9,7,8,7,24,7,9,9,
10,4,23,10,12,9,23,9,9,7,8,7,24,7,9,9,
10,4,23,10,12,9,23,9,9,7,8,7,25,7,9,9,
10,4,23,10,12,9,23,9,9,7,8,7,25,7,9,9,
10,4,23,10,12,9,23,9,9,7,8,7,25,7,9,9,
10,4,23,10,12,9,23,9,9,7,8,7,24,7,9,9,
10,4,23,10,12,9,23,9,9,7,8,7,25,7,9,9,
10,4,23,10,12,9,23,9,9,7,8,7,25,7,9,9,
10,4,23,10,12,9,23,9,9,7,8,7,24,7,9,9,
10,4,23,10,12,9,23,9,9,7,8,7,25,7,9,9,
10,4,23,10,12,9,23,9,9,7,8,7,25,7,9,9,
10,4,23,10,11,9,23,9,9,7,9,7,24,7,9,9,
10,4,23,10,12,9,23,9,9,7,8,7,25,7,9,9,
10,4,23,10,12,9,23,9,9,7,8,7,25,7,9,9,
10,4,23,10,12,9,23,9,9,7,8,7,25,7,9,9,
10,4,23,10,12,9,23,9,9,7,8,7,25,7,9,9,
10,4,23,10,12,9,23,9,9,7,8,7,24,7,9,9,
10,4,23,10,12,9,23,9,9,7,8,7,25,7,9,9,
10,4,23,10,12,9,23,9,9,7,8,7,24,7,9,9,
10,4,23,10,12,9,23,9,9,7,8,7,25,7,9,9,
10,4,23,10,12,9,23,9,9,7,8,7,24,7,9,9,
10,4,23,10,12,9,23,9,9,7,8,7,25,7,9,9,
10,4,23,10,12,9,23,9,9,7,8,7,25,7,9,9,
10,4,23,10,12,9,23,9,9,7,8,7,25,7,9,9,
10,4,23,10,12,9,23,9,9,7,8,7,25,7,9,9,
10,4,23,10,12,9,23,9,9,7,8,7,24,7,9,9,
10,4,23,10,12,9,23,9,9,7,8,7,25,7,9,9,
10,4,23,10,12,9,23,9,9,7,8,7,25,7,9,9,
10,4,23,10,12,9,23,9,9,7,8,7,25,7,9,9,
10,4,23,10,12,9,23,9,9,7,8,7,24,7,9,9,
10,4,23,10,12,9,23,9,9,7,8,7,24,7,9,9,
10,4,23,10,12,9,23,9,9,7,8,7,25,7,9,9,
10,4,23,10,12,9,23,9,9,7,8,7,24,7,9,9,
10,4,23,10,12,9,23,9,9,7,8,7,25,7,9,9,
10,4,23,10,12,9,23,9,9,7,8,7,24,7,9,9,
10,4,23,10,12,9,23,9,9,7,8,7,25,7,9,9,
10,4,23,10,12,9,23,9,9,7,8,7,25,7,9,9,
10,4,23,10,12,9,23,9,9,7,8,7,25,7,9,9,
10,4,23,10,12,9,23,9,9,7,8,7,25,7,9,9,
10,4,23,10,12,9,23,9,9,7,8,7,25,7,9,9,
10,4,23,10,12,9,23,9,9,7,8,7,25,7,9,9,
10,4,23,10,12,9,23,9,9,7,8,7,25,7,9,9,
10,4,23,10,12,9,23,9,9,7,8,7,25,7,9,9,
10,4,23,10,12,9,23,9,9,7,8,7,25,7,9,9,
10,4,23,10,12,9,23,9,9,7,8,7,25,7,9,9,
10,4,23,10,12,9,23,9,9,7,8,7,25,7,9,9,
10,4,23,10,12,9,23,9,9,7,8,7,25,7,9,9,
10,4,23,10,12,9,23,9,9,7,8,7,25,7,9,9,
10,4,23,10,12,9,23,9,9,7,8,7,25,7,9,9,
10,4,23,10,12,9,23,9,9,7,8,7,25,7,9,9,
10,4,23,10,12,9,23,9,9,7,8,7,24,7,9,9,
10,4,23,10,12,9,23,9,9,7,8,7,25,7,9,9,
10,4,23,10,12,9,23,9,9,7,8,7,25,7,9,9,
10,4,23,10,12,9,23,9,9,7,8,7,25,7,9,9,
10,4,23,10,12,9,23,9,9,7,8,7,25,7,9,9,
10,4,23,10,12,9,23,9,9,7,8,7,25,7,9,9,
10,4,23,10,12,9,23,9,9,7,8,7,24,7,9,9,
10,4,23,10,12,9,23,9,9,7,8,7,24,7,9,9,
10,4,23,10,12,9,23,9,9,7,8,7,25,7,9,9,
10,4,23,10,12,9,23,9,9,7,8,7,25,7,9,9,
10,4,23,10,12,9,23,9,9,7,8,7,25,7,9,9,
10,4,23,10,12,9,23,9,9,7,8,7,25,7,9,9,
10,4,23,10,12,9,23,9,9,7,8,7,24,7,9,9,
10,4,23,10,12,9,23,9,9,7,8,7,25,7,9,9,
10,4,23,10,12,9,23,9,9,7,8,7,25,7,9,9,
10,4,23,10,12,9,23,9,9,7,8,7,25,7,9,9,
10,4,23,10,12,9,23,9,9,7,8,7,25,7,9,9,
10,4,23,10,12,9,23,9,9,7,8,7,24,7,9,9,
10,4,23,10,12,9,23,9,9,7,8,7,24,7,9,9,
10,4,23,10,12,9,23,9,9,7,8,7,25,7,9,9,
10,4,23,10,12,9,23,9,9,7,8,7,25,7,9,9,
10,4,23,10,12,9,23,9,9,7,8,7,25,7,9,9,
10,4,23,10,12,9,23,9,9,7,8,7,24,7,9,9,
10,4,23,10,12,9,23,9,9,7,8,7,25,7,9,9,
10,4,23,10,12,9,23,9,9,7,8,7,24,7,9,9,
10,4,23,10,12,9,23,9,9,7,8,7,24,7,9,9,
10,4,23,10,12,9,23,9,9,7,8,7,25,7,9,9,
10,4,23,10,12,9,23,9,9,7,8,7,25,7,9,9,
10,4,23,10,12,9,23,9,9,7,8,7,25,7,9,9,
10,4,23,10,12,9,23,9,9,7,8,7,25,7,9,9,
10,4,23,10,11,9,23,9,9,7,9,8,25,7,9,9,
10,4,23,10,12,9,23,9,9,7,8,7,25,7,9,9,
10,4,23,10,12,9,23,9,9,7,8,7,24,7,9,9,
10,4,23,10,12,9,23,9,9,7,8,7,25,7,9,9,
10,4,23,10,12,9,23,9,9,7,8,7,25,7,9,9,
10,4,23,10,12,9,23,9,9,7,8,7,25,7,9,9,
10,4,23,10,12,9,23,9,9,7,8,7,24,7,9,9,
10,4,23,10,12,9,23,9,9,7,8,7,24,7,9,9,
10,4,23,10,12,9,23,9,9,7,8,7,24,7,9,9,
10,4,23,10,12,9,23,9,9,7,8,7,25,7,9,9,
10,4,23,10,12,9,23,9,9,7,8,7,25,7,9,9,
10,4,23,10,12,9,23,9,9,7,8,7,24,7,9,9,
10,4,23,10,12,9,23,9,9,7,8,7,25,7,9,9,
10,4,23,10,12,9,23,9,9,7,8,7,25,7,9,9,
10,4,23,10,12,9,23,9,9,7,8,7,24,7,9,9,
10,4,23,10,12,9,23,9,9,7,8,7,24,7,9,9,
10,4,23,10,12,9,23,9,9,7,8,7,25,7,9,9,
10,4,23,10,12,9,23,9,9,7,8,7,25,7,9,9,
10,4,23,10,12,9,23,9,9,7,8,7,25,7,9,9,
10,4,23,10,12,9,23,9,9,7,8,7,25,7,9,9,
10,4,23,10,12,9,23,9,9,7,8,7,25,7,9,9,
10,4,23,10,12,9,23,9,9,7,8,7,25,7,9,9,
10,4,23,10,12,9,23,9,9,7,8,7,25,7,9,9,
10,4,23,10,12,9,23,9,9,7,8,7,25,7,9,9,
10,4,23,10,12,9,23,9,9,7,9,7,24,7,9,9,
10,4,23,10,12,9,23,9,9,7,8,7,25,7,9,9,
10,4,23,10,12,9,23,9,9,7,8,7,25,7,9,9,
10,4,23,10,12,9,23,9,9,7,8,7,25,7,9,9,
10,4,23,10,12,9,23,9,9,7,8,7,25,7,9,9,
10,4,23,10,12,9,23,9,9,7,8,7,24,7,9,9,
10,4,23,10,12,9,23,9,9,7,8,7,25,7,9,9,
10,4,23,10,12,9,23,9,9,7,8,7,25,7,9,9,
10,4,23,10,12,9,23,9,9,7,8,7,24,7,9,9,
10,4,23,10,12,9,23,9,9,7,8,7,25,7,9,9,
10,4,23,10,12,9,23,9,9,7,8,7,24,7,9,9,
10,4,23,10,12,9,23,9,9,7,8,7,24,7,9,9,
10,4,23,10,12,9,23,9,9,7,9,7,24,7,9,9,
10,4,23,10,12,9,23,9,9,7,8,7,24,7,9,9,
10,4,23,10,12,9,23,9,9,7,8,7,25,7,9,9,
10,4,23,10,12,9,23,9,9,7,8,7,25,7,9,9,
10,4,23,10,12,9,23,9,9,7,8,7,25,7,9,9,
10,4,23,10,12,9,23,9,9,7,8,7,25,7,9,9,
10,4,23,10,12,9,23,9,9,7,8,7,25,7,9,9,
10,4,23,10,12,9,23,9,9,7,8,7,25,7,9,9,
10,4,23,10,12,9,23,9,9,7,8,7,24,7,9,9,
10,4,23,10,12,9,23,9,9,7,8,7,24,7,9,9,
10,4,23,10,12,9,23,9,9,7,8,7,25,7,9,9,
10,4,23,10,12,9,23,9,9,7,8,7,25,7,9,9,
10,4,23,10,12,9,23,9,9,7,8,7,25,7,9,9,
10,4,23,10,12,9,23,9,9,7,8,7,25,7,9,9,
10,4,23,10,12,9,23,9,9,7,8,7,24,7,9,9,
10,4,23,10,12,9,23,9,9,7,8,7,25,7,9,9,
10,4,23,10,12,9,23,9,9,7,8,7,24,7,9,9,
10,4,23,10,12,9,23,9,9,7,8,7,25,7,9,9,
10,4,23,10,12,9,23,9,9,7,8,7,24,7,9,9,
10,4,23,10,12,9,23,9,9,7,8,7,24,7,9,9,
10,4,23,10,12,9,23,9,9,7,8,7,24,7,9,9,
10,4,23,10,12,9,23,9,9,7,8,7,24,7,9,9,
10,4,23,10,12,9,23,9,9,7,8,7,25,7,9,9,
10,4,23,10,12,9,23,9,9,7,8,7,24,7,9,9,
10,4,23,10,12,9,23,9,9,7,8,7,24,7,9,9,
10,4,23,10,12,9,23,9,9,7,8,7,25,7,9,9,
10,4,23,10,12,9,23,9,9,7,8,7,24,7,9,9,
10,4,23,10,12,9,23,9,9,7,8,7,25,7,9,9,
10,4,23,10,12,9,23,9,9,7,8,7,25,7,9,9,
10,4,23,10,12,9,23,9,9,7,8,7,24,7,9,9,
10,4,23,10,12,9,23,9,9,7,8,7,25,7,9,9,
10,4,23,10,12,9,23,9,9,7,8,7,25,7,9,9,
10,4,23,10,12,9,23,9,9,7,8,7,25,7,9,9,
10,4,23,10,12,9,23,9,9,7,8,7,25,7,9,9,
10,4,23,10,12,9,23,9,9,7,8,8,25,7,9,9,
10,4,23,10,12,9,23,9,9,7,8,7,25,7,9,9,
10,4,23,10,12,9,23,9,9,7,8,7,25,7,9,9,
10,4,23,10,12,9,23,9,9,7,8,7,25,7,9,9,
10,4,23,10,12,9,23,9,9,7,9,7,25,7,9,9,
10,4,23,10,12,9,23,9,9,7,8,7,25,7,9,9,
10,4,23,10,12,9,23,9,9,7,8,7,25,7,9,9,
10,4,23,10,12,9,23,9,9,7,8,7,25,7,9,9,
10,4,23,10,12,9,23,9,9,7,8,7,25,7,9,9,
10,4,23,10,12,9,23,9,9,7,8,7,24,7,9,9,
10,4,23,10,12,9,23,9,9,7,8,7,24,7,9,9,
10,4,23,10,12,9,23,9,9,7,8,7,24,7,9,9,
8,5,19,6,13,5,20,6,7,5,5,5,22,5,13,7,
8,5,19,6,13,5,20,6,7,5,5,5,22,5,12,6,
8,5,19,6,13,5,20,6,7,5,5,5,23,5,12,6,
8,5,19,6,13,5,20,6,7,5,5,5,22,5,13,7,
8,5,19,6,13,5,20,6,7,5,5,5,22,5,12,6,
8,5,19,6,13,5,20,6,7,5,5,5,22,5,13,7,
8,5,19,6,13,5,20,6,7,5,5,5,22,5,13,6,
8,5,19,6,13,5,20,6,7,5,5,5,22,5,13,7,
8,5,19,6,13,5,20,6,7,5,5,5,23,5,12,6,
8,5,19,6,13,5,20,6,7,5,5,5,22,5,12,6,
8,5,19,6,13,5,20,6,7,5,5,5,22,5,13,7,
8,5,19,6,13,5,20,6,7,5,5,5,22,5,12,6,
8,5,19,6,13,5,20,6,7,5,5,5,22,5,12,7,
8,5,19,6,13,5,20,6,7,5,5,5,22,5,13,7,
8,5,19,6,13,5,20,6,7,5,5,5,22,5,12,7,
8,5,19,6,13,5,20,6,7,5,5,5,22,5,12,7,
8,5,19,6,13,5,20,6,7,5,5,5,22,5,12,6,
8,5,19,6,13,5,20,6,7,5,5,5,23,5,12,6,
8,5,19,6,13,5,20,6,7,5,5,5,22,5,12,6,
8,5,19,6,13,5,20,6,7,5,5,5,22,5,12,6,
8,5,19,6,13,5,20,6,7,5,5,5,22,5,13,6,
8,5,19,6,13,5,20,6,7,5,5,5,22,5,12,6,
8,5,19,6,13,5,20,6,7,5,5,5,22,5,13,11,
8,5,19,6,13,5,20,6,7,5,5,5,22,5,12,6,
8,5,19,6,13,5,20,6,7,5,5,5,22,5,12,6,
8,5,19,6,13,5,20,6,7,5,5,5,22,5,13,7,
8,5,19,6,13,5,20,6,7,5,5,5,22,5,13,7,
8,5,19,6,13,5,20,6,7,5,5,5,22,5,13,7,
8,5,19,6,13,5,20,6,7,5,5,5,22,5,12,6,
8,5,19,6,13,5,20,6,7,5,5,5,23,5,12,6,
8,5,19,6,13,5,20,6,7,5,5,5,22,5,13,7,
8,5,19,6,13,5,20,6,7,5,5,5,22,5,13,7,
8,5,19,6,13,5,20,6,7,5,5,5,22,5,12,6,
8,5,19,6,13,5,20,6,7,5,5,5,22,5,12,6,
8,5,19,6,13,5,20,6,7,5,5,5,23,5,12,6,
8,5,19,6,13,5,20,6,7,5,5,5,22,5,13,7,
8,5,19,6,13,5,20,6,7,5,5,5,22,5,13,8,
8,5,19,6,13,5,20,6,7,5,5,5,22,5,13,7,
8,5,19,6,13,5,20,6,7,5,5,5,22,5,12,6,
8,5,19,6,13,5,20,6,7,5,5,5,22,5,13,13,
8,5,19,6,13,5,20,6,7,5,5,5,22,5,12,6,
8,5,19,6,13,5,20,6,7,5,5,5,22,5,12,6,
8,5,19,6,13,5,20,6,7,5,5,5,22,5,13,8,
8,5,19,6,13,5,20,6,7,5,5,5,22,5,12,6,
8,5,19,6,13,5,20,6,7,5,5,5,22,5,12,6,
8,5,19,6,13,5,20,6,7,5,5,5,22,5,12,6,
8,5,19,6,13,5,20,6,7,5,5,5,22,5,12,6,
8,5,19,6,13,5,20,6,7,5,5,5,22,5,12,6,
8,5,19,6,13,5,20,6,7,5,5,5,22,5,13,7,
8,5,19,6,13,5,20,6,7,5,5,5,22,5,12,6,
8,5,19,6,13,5,20,6,7,5,5,5,22,5,13,7,
8,5,19,6,13,5,20,6,7,5,5,5,22,5,12,6,
8,5,19,6,13,5,20,6,7,5,5,5,22,5,12,6,
8,5,19,6,13,5,20,6,7,5,5,5,22,5,13,7,
8,5,19,6,13,5,20,6,7,5,5,5,23,5,12,6,
8,5,19,6,13,5,20,6,7,5,5,5,23,5,12,6,
8,5,19,6,13,5,20,6,7,5,5,5,22,5,12,6,
8,5,19,6,13,5,20,6,7,5,5,5,22,5,12,6,
8,5,19,6,13,5,20,6,7,5,5,5,22,5,12,6,
8,5,19,6,13,5,20,6,7,5,5,5,23,5,12,6,
8,5,19,6,13,5,20,6,7,5,5,5,22,5,12,6,
8,5,19,6,13,5,20,6,7,5,5,5,22,5,13,7,
8,5,19,6,13,5,20,6,7,5,5,5,22,5,12,7,
8,5,19,6,13,5,20,6,7,5,5,5,23,5,13,7,
8,5,19,6,13,5,20,6,7,5,5,5,22,5,13,6,
8,5,19,6,13,5,20,6,7,5,5,5,22,5,13,8,
8,5,19,6,13,5,20,6,7,5,5,5,22,5,13,7,
8,5,19,6,13,5,20,6,7,5,5,5,22,5,12,6,
8,5,19,6,13,5,20,6,7,5,5,5,22,5,12,6,
8,5,19,6,13,5,20,6,7,5,5,5,22,5,12,6,
8,5,19,6,13,5,20,6,7,5,5,5,22,5,12,6,
8,5,19,6,13,5,20,6,7,5,5,5,22,5,12,6,
8,5,19,6,13,5,20,6,7,5,5,5,22,5,12,6,
8,5,19,6,13,5,20,6,7,5,5,5,22,5,13,7,
8,5,19,6,13,5,20,6,7,5,5,5,22,5,12,6,
8,5,19,6,13,5,20,6,7,5,5,5,22,5,13,13,
8,5,19,6,13,5,20,6,7,5,5,5,22,5,12,6,
8,5,19,6,13,5,20,6,7,5,5,5,22,5,12,6,
8,5,19,6,13,5,20,6,7,5,5,5,22,5,12,6,
8,5,19,6,13,5,20,6,7,5,5,5,22,5,12,6,
8,5,19,6,13,5,20,6,7,5,5,5,22,5,12,6,
8,5,19,6,13,5,20,6,7,5,5,5,22,5,12,7,
8,5,19,6,13,5,20,6,7,5,5,5,22,5,12,6,
8,5,19,6,13,5,20,6,7,5,5,5,22,5,13,7,
8,5,19,6,13,5,20,6,7,5,5,5,22,5,12,6,
8,5,19,6,13,5,20,6,7,5,5,5,22,5,12,6,
8,5,19,6,13,5,20,6,7,5,5,5,22,5,12,6,
8,5,19,6,13,5,21,6,7,5,5,5,21,5,12,6,
8,5,19,6,13,5,20,6,7,5,5,5,22,5,12,6,
8,5,19,6,13,5,20,6,7,5,5,5,22,5,12,6,
8,5,19,6,13,5,20,6,7,5,5,5,22,5,12,6,
8,5,19,6,13,5,20,6,7,5,5,5,22,5,12,6,
8,5,19,6,13,5,20,6,7,5,5,5,22,5,13,6,
8,5,19,6,13,5,20,6,7,5,5,5,22,5,12,6,
8,5,19,6,13,5,20,6,7,5,5,5,22,5,13,12,
8,5,19,6,13,5,20,6,7,5,5,5,22,5,12,6,
8,5,19,6,13,5,20,6,7,5,5,5,22,5,12,6,
8,5,19,6,13,5,20,6,7,5,5,5,22,5,12,6,
8,5,19,6,13,5,20,6,7,5,5,5,22,5,13,8,
8,5,19,6,13,5,20,6,7,5,5,5,22,5,12,6,
8,5,19,6,13,5,20,6,7,5,5,5,22,5,13,7,
8,5,19,6,13,5,20,6,7,5,5,5,22,5,13,7,
8,5,19,6,13,5,20,6,7,5,5,5,22,5,12,6,
8,5,19,6,13,5,20,6,7,5,5,5,22,5,13,7,
8,5,19,6,13,5,20,6,7,5,5,5,22,5,12,6,
8,5,19,6,13,5,20,6,7,5,5,5,22,5,13,7,
8,5,19,6,13,5,20,6,7,5,5,5,22,5,13,7,
8,5,19,6,13,5,20,6,7,5,5,5,23,5,12,6,
8,5,19,6,13,5,20,6,7,5,5,5,22,5,13,10,
8,5,19,6,13,5,20,6,7,5,5,5,22,5,12,6,
8,5,19,6,13,5,20,6,7,5,5,5,22,5,12,6,
8,5,19,6,13,5,20,6,7,5,5,5,22,5,12,6,
8,5,19,6,13,5,20,6,7,5,5,5,22,5,12,6,
8,5,19,6,13,5,20,6,7,5,5,5,22,5,12,6,
8,5,19,6,13,5,20,6,7,5,5,5,22,5,12,6,
8,5,19,6,13,5,20,6,7,5,5,5,22,5,12,6,
8,5,19,6,13,5,20,6,7,5,5,5,22,5,13,6,
8,5,19,6,13,5,20,6,7,5,5,5,22,5,12,6,
8,5,19,6,13,5,20,6,7,5,5,5,22,5,12,6,
8,5,19,6,13,5,20,6,7,5,5,5,22,5,12,6,
8,5,19,6,13,5,20,6,7,5,5,5,22,5,12,6,
8,5,19,6,13,5,20,6,7,5,5,5,22,5,12,6,
8,5,19,6,13,5,20,6,7,5,5,5,22,5,12,7,
8,5,19,6,13,5,20,6,7,5,5,5,22,5,13,8,
8,5,19,6,13,5,20,6,7,5,5,5,22,5,12,6,
8,5,19,6,13,5,20,6,7,5,5,5,22,5,13,6,
8,5,19,6,13,5,20,6,7,5,5,5,22,5,12,6,
8,5,19,6,13,5,20,6,7,5,5,5,22,5,13,7,
8,5,19,6,13,5,20,6,7,5,5,5,22,5,13,7,
8,5,19,6,13,5,20,6,7,5,5,5,22,5,12,6,
8,5,19,6,13,5,20,6,7,5,5,5,22,5,12,6,
8,5,19,6,13,5,20,6,7,5,5,5,22,5,12,6,
8,5,19,6,13,5,20,6,7,5,5,5,22,5,13,7,
8,5,19,6,13,5,20,6,7,5,5,5,22,5,12,6,
8,5,19,6,13,5,20,6,7,5,5,5,22,5,13,6,
8,5,19,6,13,5,20,6,7,5,5,5,22,5,13,7,
8,5,19,6,13,5,20,6,7,5,5,5,22,5,12,6,
8,5,19,6,13,5,20,6,7,5,5,5,22,5,12,6,
8,5,19,6,13,5,20,6,7,5,5,5,22,5,12,6,
8,5,19,6,13,5,20,6,7,5,5,5,22,5,13,6,
8,5,19,6,13,5,20,6,7,5,5,5,23,5,13,8,
8,5,19,6,13,5,20,6,7,5,5,5,22,5,12,7,
8,5,19,6,13,5,20,6,7,5,5,5,22,5,12,6,
8,5,19,6,13,5,20,6,7,5,5,5,22,5,12,6,
8,5,19,6,13,5,20,6,7,5,5,5,22,5,13,6,
8,5,19,6,13,5,20,6,7,5,5,5,22,5,13,7,
8,5,19,6,13,5,20,6,7,5,5,5,22,5,13,7,
8,5,19,6,13,5,20,6,7,5,5,5,22,5,12,6,
8,5,19,6,13,5,20,6,7,5,5,5,22,5,13,8,
8,5,19,6,13,5,20,6,7,5,5,5,22,5,12,6,
8,5,19,6,13,5,20,6,7,5,5,5,22,5,12,6,
8,5,19,6,13,5,20,6,7,5,5,5,22,5,13,8,
8,5,19,6,13,5,20,6,7,5,5,5,22,5,12,6,
8,5,19,6,13,5,20,6,7,5,5,5,22,5,12,6,
8,5,19,6,13,5,20,6,7,5,5,5,22,5,12,6,
8,5,19,6,13,5,20,6,7,5,5,5,22,5,13,6,
8,5,19,6,13,5,20,6,7,5,5,5,22,5,13,6,
8,5,19,6,13,5,20,6,7,5,5,5,22,5,13,6,
8,5,19,6,13,5,20,6,7,5,5,5,22,5,12,6,
8,5,19,6,13,5,20,6,7,5,5,5,22,5,12,6,
8,5,19,6,13,5,20,6,7,5,5,5,22,5,12,6,
8,5,19,6,13,5,20,6,7,5,5,5,22,5,12,6,
8,5,19,6,13,5,20,6,7,5,5,5,22,5,13,7,
8,5,19,6,13,5,20,6,7,5,5,5,22,5,13,7,
8,5,19,6,13,5,20,6,7,5,5,5,22,5,12,6,
8,5,19,6,13,5,20,6,7,5,5,5,22,5,12,6,
8,5,19,6,13,5,20,6,7,5,5,5,22,5,13,7,
8,5,19,6,13,5,20,6,7,5,5,5,23,5,12,6,
8,5,19,6,13,5,20,6,7,5,5,5,22,5,13,7,
8,5,19,6,13,5,20,6,7,5,5,5,22,5,12,7,
8,5,19,6,13,5,20,6,7,5,5,5,22,5,13,6,
8,5,19,6,13,5,20,6,7,5,5,5,22,5,12,6,
8,5,19,6,13,5,20,6,7,5,5,5,22,5,13,7,
8,5,19,6,13,5,20,6,7,5,5,5,22,5,13,7,
8,5,19,6,13,5,20,6,7,5,5,5,22,5,12,6,
8,5,19,6,13,5,20,6,7,5,5,5,23,5,12,6,
8,5,19,6,13,5,20,6,7,5,5,5,22,5,13,6,
8,5,19,6,13,5,20,6,7,5,5,5,22,5,12,6,
8,5,19,6,13,5,20,6,7,5,5,5,22,5,12,6,
8,5,19,6,13,5,20,6,7,5,5,5,22,5,12,6,
8,5,19,6,13,5,20,6,7,5,5,5,22,5,13,7,
8,5,19,6,13,5,20,6,7,5,5,5,22,5,12,6,
8,5,19,6,13,5,20,6,7,5,5,5,22,5,12,6,
8,5,19,6,13,5,20,6,7,5,5,5,22,5,13,7,
8,5,19,6,13,5,20,6,7,5,5,5,22,5,13,7,
8,5,19,6,13,5,20,6,7,5,5,5,22,5,12,6,
8,5,19,6,13,5,20,6,7,5,5,5,22,5,12,6,
8,5,19,6,13,5,20,6,7,5,5,5,22,5,13,7,
8,5,19,6,13,5,20,6,7,5,5,5,22,5,12,6,
8,5,19,6,13,5,20,6,7,5,5,5,22,5,12,6,
8,5,19,6,13,5,20,6,7,5,5,5,22,5,13,7,
8,5,19,6,13,5,20,6,7,5,5,5,22,5,12,6,
8,5,19,6,13,5,20,6,7,5,5,5,22,5,13,8,
8,5,19,6,13,5,20,6,7,5,5,5,22,5,13,6,
8,5,19,6,13,5,20,6,7,5,5,5,22,5,12,6,
8,5,19,6,13,5,20,6,7,5,5,5,22,5,12,6,
8,5,19,6,13,5,20,6,7,5,5,5,22,5,12,6,
8,5,19,6,13,5,20,6,7,5,5,5,22,5,13,11,
8,5,19,6,13,5,20,6,7,5,5,5,22,5,13,8,
8,5,19,6,13,5,20,6,7,5,5,5,22,5,12,6,
6,5,16,5,13,5,16,5,7,5,5,5,26,5,13,7,
6,5,16,5,13,5,16,5,7,5,5,5,26,5,13,7,
6,5,16,5,13,5,17,5,7,5,5,5,26,5,11,5,
6,5,16,5,13,5,16,5,7,5,5,5,27,5,8,5,
6,5,16,5,13,5,16,5,7,5,5,5,26,5,13,7,
6,5,16,5,13,5,17,5,7,5,5,5,25,5,13,7,
6,5,16,5,13,5,17,5,7,5,5,5,27,5,8,5,
6,5,16,5,13,5,16,5,7,5,5,5,26,5,13,9,
6,5,16,5,13,5,16,5,7,5,5,5,26,5,13,13,
6,5,16,5,13,5,17,5,7,5,5,5,26,5,9,6,
6,5,16,5,13,5,16,5,7,5,5,5,27,5,8,5,
6,5,16,5,13,5,17,5,7,5,5,5,26,5,8,5,
6,5,16,5,13,5,16,5,7,5,5,5,26,5,13,13,
6,5,16,5,13,5,17,5,7,5,5,5,26,5,13,8,
6,5,16,5,13,5,16,5,7,5,5,5,27,5,13,7,
6,5,16,5,13,5,17,5,7,5,5,5,25,5,12,6,
6,5,16,5,13,5,18,5,7,5,5,5,26,5,8,5,
6,5,16,5,13,5,18,5,7,5,5,5,25,5,13,7,
6,5,16,5,13,5,17,5,7,5,5,5,25,5,13,7,
6,5,16,5,13,5,16,5,7,5,5,5,27,5,11,6,
6,5,16,5,13,5,16,5,7,5,5,5,27,5,13,6,
6,5,16,5,13,5,16,5,7,5,5,5,26,5,13,13,
6,5,16,5,13,5,17,5,7,5,5,5,26,5,11,6,
6,5,16,5,13,5,16,5,7,5,5,5,26,5,11,6,
6,5,16,5,13,5,17,5,7,5,5,5,25,5,13,13,
6,5,16,5,13,5,16,5,7,5,5,5,27,5,13,7,
6,5,16,5,13,5,17,5,7,5,5,5,26,5,13,7,
6,5,16,5,13,5,17,5,7,5,5,5,26,5,13,6,
6,5,16,5,13,5,18,5,7,5,5,5,25,5,13,13,
6,5,16,5,13,5,17,5,7,5,5,5,26,5,8,5,
6,5,16,5,13,5,16,5,7,5,5,5,26,5,10,5,
6,5,16,5,13,5,16,5,7,5,5,5,26,5,13,8,
6,5,16,5,13,5,17,5,7,5,5,5,26,5,8,5,
6,5,16,5,13,5,17,5,7,5,5,5,26,5,8,5,
6,5,16,5,13,5,16,5,7,5,5,5,26,5,13,7,
6,5,16,5,13,5,17,5,7,5,5,5,27,5,8,5,
6,5,16,5,13,5,17,5,7,5,5,5,25,5,13,6,
6,5,16,5,13,5,18,5,7,5,5,5,24,5,13,7,
6,5,16,5,13,5,18,5,7,5,5,5,24,5,13,13,
6,5,16,5,13,5,18,5,7,5,5,5,24,5,13,6,
6,5,16,5,13,5,16,5,7,5,5,5,27,5,13,7,
6,5,16,5,13,5,18,5,7,5,5,5,24,5,13,10,
6,5,16,5,13,5,18,5,7,5,5,5,26,5,8,5,
6,5,16,5,13,5,16,5,7,5,5,5,26,5,13,8,
6,5,16,5,13,5,16,5,7,5,5,5,26,5,13,6,
6,5,16,5,13,5,17,5,7,5,5,5,26,5,13,7,
6,5,16,5,13,5,17,5,7,5,5,5,26,5,8,5,
6,5,16,5,13,5,17,5,7,5,5,5,27,5,8,5,
6,5,16,5,13,5,17,5,7,5,5,5,25,5,13,8,
6,5,16,5,13,5,16,5,7,5,5,5,26,5,13,6,
6,5,16,5,13,5,17,5,7,5,5,5,25,5,13,7,
6,5,16,5,13,5,18,5,7,5,5,5,24,5,13,7,
6,5,16,5,13,5,18,5,7,5,5,5,25,5,12,6,
6,5,16,5,13,5,17,5,7,5,5,5,26,5,13,6,
6,5,16,5,13,5,17,5,7,5,5,5,26,5,8,5,
6,5,16,5,13,5,16,5,7,5,5,5,26,5,13,6,
6,5,16,5,13,5,19,5,7,5,5,5,23,5,13,13,
6,5,16,5,13,5,17,5,7,5,5,5,26,5,11,7,
6,5,16,5,13,5,16,5,7,5,5,5,26,5,13,13,
6,5,16,5,13,5,18,5,7,5,5,5,24,5,13,7,
6,5,16,5,13,5,16,5,7,5,5,5,27,5,13,7,
6,5,16,5,13,5,16,5,7,5,5,5,26,5,13,13,
6,5,16,5,13,5,16,5,7,5,5,5,27,5,13,9,
6,5,16,5,13,5,16,5,7,5,5,5,27,5,13,7,
6,5,16,5,13,5,18,5,7,5,5,5,24,5,13,6,
6,5,16,5,13,5,17,5,7,5,5,5,27,5,8,5,
6,5,16,5,13,5,17,5,7,5,5,5,26,5,10,6,
6,5,16,5,13,5,17,5,7,5,5,5,26,5,8,5,
6,5,16,5,13,5,16,5,7,5,5,5,26,5,13,13,
6,5,16,5,13,5,16,5,7,5,5,5,27,5,11,6,
6,5,16,5,13,5,17,5,7,5,5,5,25,5,13,13,
6,5,16,5,13,5,17,5,7,5,5,5,26,5,13,11,
6,5,16,5,13,5,17,5,7,5,5,5,25,5,13,8,
6,5,16,5,13,5,18,5,7,5,5,5,25,5,9,5,
6,5,16,5,13,5,17,5,7,5,5,5,25,5,13,7,
6,5,16,5,13,5,17,5,7,5,5,5,26,5,11,6,
6,5,16,5,13,5,18,5,7,5,5,5,24,5,13,13,
6,5,16,5,13,5,16,5,7,5,5,5,26,5,13,7,
6,5,16,5,13,5,17,5,7,5,5,5,27,5,8,5,
6,5,16,5,13,5,16,5,7,5,5,5,27,5,13,8,
6,5,16,5,13,5,17,5,7,5,5,5,26,5,9,6,
6,5,16,5,13,5,17,5,7,5,5,5,26,5,10,5,
6,5,16,5,13,5,17,5,7,5,5,5,25,5,13,7,
6,5,16,5,13,5,18,5,7,5,5,5,24,5,13,8,
6,5,16,5,13,5,16,5,7,5,5,5,26,5,8,5,
6,5,16,5,13,5,18,5,7,5,5,5,27,5,8,5,
6,5,16,5,13,5,17,5,7,5,5,5,25,5,13,9,
6,5,16,5,13,5,17,5,7,5,5,5,25,5,13,6,
6,5,16,5,13,5,17,5,7,5,5,5,25,5,13,6,
6,5,16,5,13,5,18,5,7,5,5,5,25,5,9,6,
6,5,16,5,13,5,18,5,7,5,5,5,24,5,13,6,
6,5,16,5,13,5,18,5,7,5,5,5,24,5,13,7,
6,5,16,5,13,5,16,5,7,5,5,5,26,5,10,5,
6,5,16,5,13,5,18,5,7,5,5,5,25,5,10,6,
6,5,16,5,13,5,17,5,7,5,5,5,25,5,12,7,
6,5,16,5,13,5,16,5,7,5,5,5,26,5,13,10,
6,5,16,5,13,5,17,5,7,5,5,5,27,5,8,5,
6,5,16,5,13,5,16,5,7,5,5,5,27,5,13,7,
6,5,16,5,13,5,17,5,7,5,5,5,26,5,8,5,
6,5,16,5,13,5,17,5,7,5,5,5,27,5,8,5,
6,5,16,5,13,5,16,5,7,5,5,5,23,5,8,5,
6,5,16,5,13,5,16,5,7,5,5,5,21,5,12,7,
6,5,16,5,13,5,16,5,7,5,5,5,22,5,10,6,
6,5,16,5,13,5,16,5,7,5,5,5,21,5,13,6,
6,5,16,5,13,5,16,5,7,5,5,5,21,5,13,6,
6,5,16,5,13,5,16,5,7,5,5,5,21,5,11,6,
6,5,16,5,13,5,16,5,7,5,5,5,23,5,8,5,
6,5,16,5,13,5,16,5,7,5,5,5,21,5,13,6,
6,5,16,5,13,5,16,5,7,5,5,5,23,5,8,5,
6,5,16,5,13,5,16,5,7,5,5,5,23,5,8,5,
6,5,16,5,13,5,16,5,7,5,5,5,21,5,13,13,
6,5,16,5,13,5,16,5,7,5,5,5,22,5,8,5,
6,5,16,5,13,5,16,5,7,5,5,5,21,5,13,11,
6,5,16,5,13,5,16,5,7,5,5,5,21,5,13,6,
6,5,16,5,13,5,16,5,7,5,5,5,22,5,8,6,
6,5,16,5,13,5,16,5,7,5,5,5,21,5,11,6,
6,5,16,5,13,5,16,5,7,5,5,5,24,5,8,5,
6,5,16,5,13,5,16,5,7,5,5,5,22,5,13,7,
6,5,16,5,13,5,16,5,7,5,5,5,23,5,8,5,
6,5,16,5,13,5,16,5,7,5,5,5,22,5,8,5,
6,5,16,5,13,5,16,5,7,5,5,5,21,5,13,6,
6,5,16,5,13,5,16,5,7,5,5,5,21,5,11,6,
6,5,16,5,13,5,16,5,7,5,5,5,21,5,9,5,
6,5,16,5,13,5,16,5,7,5,5,5,21,5,8,5,
6,5,16,5,13,5,16,5,7,5,5,5,22,5,8,5,
6,5,16,5,13,5,16,5,7,5,5,5,21,5,13,13,
6,5,16,5,13,5,16,5,7,5,5,5,21,5,13,7,
6,5,16,5,13,5,16,5,7,5,5,5,21,5,12,6,
6,5,16,5,13,5,16,5,7,5,5,5,22,5,11,6,
6,5,16,5,13,5,16,5,7,5,5,5,21,5,12,6,
6,5,16,5,13,5,16,5,7,5,5,5,21,5,12,6,
6,5,16,5,13,5,16,5,7,5,5,5,22,5,13,7,
6,5,16,5,13,5,16,5,7,5,5,5,21,5,12,6,
6,5,16,5,13,5,16,5,7,5,5,5,21,5,13,8,
6,5,16,5,13,5,16,5,7,5,5,5,21,5,9,6,
6,5,16,5,13,5,16,5,7,5,5,5,21,5,13,7,
6,5,16,5,13,5,16,5,7,5,5,5,22,5,13,6,
6,5,16,5,13,5,16,5,7,5,5,5,21,5,13,8,
6,5,16,5,13,5,16,5,7,5,5,5,23,5,8,5,
6,5,16,5,13,5,16,5,7,5,5,5,22,5,9,5,
6,5,16,5,13,5,16,5,7,5,5,5,22,5,8,5,
6,5,16,5,13,5,16,5,7,5,5,5,21,5,13,13,
6,5,16,5,13,5,16,5,7,5,5,5,22,5,13,8,
6,5,16,5,13,5,16,5,7,5,5,5,22,5,8,5,
6,5,16,5,13,5,16,5,7,5,5,5,20,5,13,13,
6,5,16,5,13,5,16,5,7,5,5,5,22,5,9,6,
6,5,16,5,13,5,16,5,7,5,5,5,21,5,11,6,
6,5,16,5,13,5,16,5,7,5,5,5,23,5,8,5,
6,5,16,5,13,5,16,5,7,5,5,5,22,5,8,6,
6,5,16,5,13,5,16,5,7,5,5,5,21,5,10,6,
6,5,16,5,13,5,16,5,7,5,5,5,22,5,13,6,
6,5,16,5,13,5,16,5,7,5,5,5,21,5,11,6,
6,5,16,5,13,5,16,5,7,5,5,5,21,5,10,6,
6,5,16,5,13,5,16,5,7,5,5,5,21,5,13,6,
6,5,16,5,13,5,16,5,7,5,5,5,21,5,11,6,
6,5,16,5,13,5,16,5,7,5,5,5,21,5,13,7,
6,5,16,5,13,5,16,5,7,5,5,5,21,5,9,5,
6,5,16,5,13,5,16,5,7,5,5,5,22,5,8,5,
6,5,16,5,13,5,16,5,7,5,5,5,22,5,11,6,
6,5,16,5,13,5,16,5,7,5,5,5,21,5,13,7,
6,5,16,5,13,5,16,5,7,5,5,5,24,5,8,5,
6,5,16,5,13,5,16,5,7,5,5,5,24,5,8,5,
6,5,16,5,13,5,16,5,7,5,5,5,21,5,9,6,
6,5,16,5,13,5,16,5,7,5,5,5,22,5,13,6,
6,5,16,5,13,5,16,5,7,5,5,5,21,5,13,13,
6,5,16,5,13,5,16,5,7,5,5,5,22,5,8,5,
6,5,16,5,13,5,16,5,7,5,5,5,21,5,11,6,
6,5,16,5,13,5,16,5,7,5,5,5,21,5,9,6,
6,5,16,5,13,5,16,5,7,5,5,5,21,5,13,6,
6,5,16,5,13,5,16,5,7,5,5,5,21,5,13,6,
6,5,16,5,13,5,16,5,7,5,5,5,21,5,11,7,
6,5,16,5,13,5,16,5,7,5,5,5,21,5,13,7,
6,5,16,5,13,5,16,5,7,5,5,5,22,5,8,5,
6,5,16,5,13,5,16,5,7,5,5,5,21,5,9,6,
6,5,16,5,13,5,16,5,7,5,5,5,22,5,13,6,
6,5,16,5,13,5,16,5,7,5,5,5,22,5,12,7,
6,5,16,5,13,5,16,5,7,5,5,5,22,5,11,6,
6,5,16,5,13,5,16,5,7,5,5,5,21,5,13,6,
6,5,16,5,13,5,16,5,7,5,5,5,22,5,13,13,
6,5,16,5,13,5,16,5,7,5,5,5,21,5,13,7,
6,5,16,5,13,5,16,5,7,5,5,5,21,5,10,6,
6,5,16,5,13,5,16,5,7,5,5,5,21,5,13,13,
6,5,16,5,13,5,16,5,7,5,5,5,21,5,8,5,
6,5,16,5,13,5,16,5,7,5,5,5,23,5,8,5,
6,5,16,5,13,5,16,5,7,5,5,5,24,5,8,5,
6,5,16,5,13,5,16,5,7,5,5,5,20,5,13,9,
6,5,16,5,13,5,16,5,7,5,5,5,21,5,13,6,
6,5,16,5,13,5,16,5,7,5,5,5,23,5,8,5,
6,5,16,5,13,5,16,5,7,5,5,5,22,5,8,5,
6,5,16,5,13,5,16,5,7,5,5,5,22,5,13,6,
6,5,16,5,13,5,16,5,7,5,5,5,21,5,13,6,
6,5,16,5,13,5,16,5,7,5,5,5,21,5,13,7,
6,5,16,5,13,5,16,5,7,5,5,5,22,5,13,7,
6,5,16,5,13,5,16,5,7,5,5,5,22,5,9,5,
6,5,16,5,13,5,16,5,7,5,5,5,21,5,13,11,
6,5,16,5,13,5,16,5,7,5,5,5,21,5,13,7,
6,5,16,5,13,5,16,5,7,5,5,5,21,5,13,7,
6,5,16,5,13,5,16,5,7,5,5,5,21,5,10,6,
6,5,16,5,13,5,16,5,7,5,5,5,21,5,13,8,
6,5,16,5,13,5,16,5,7,5,5,5,23,5,8,5,
6,5,16,5,13,5,15,5,7,5,5,5,19,5,10,6,
6,5,16,5,13,5,15,5,7,5,5,5,19,5,13,13,
6,5,16,5,13,5,15,5,7,5,5,5,18,5,13,6,
6,5,16,5,13,5,15,5,7,5,5,5,18,5,13,6,
6,5,16,5,13,5,15,5,7,5,5,5,18,5,13,8,
6,5,16,5,13,5,15,5,7,5,5,5,18,5,13,6,
6,5,16,5,13,5,15,5,7,5,5,5,19,5,8,5,
6,5,16,5,13,5,15,5,7,5,5,5,18,5,13,13,
6,5,16,5,13,5,15,5,7,5,5,5,18,5,13,6,
6,5,16,5,13,5,15,5,7,5,5,5,19,5,8,5,
6,5,16,5,13,5,15,5,7,5,5,5,20,5,8,5,
6,5,16,5,13,5,15,5,7,5,5,5,19,5,10,6,
6,5,16,5,13,5,15,5,7,5,5,5,19,5,8,5,
6,5,16,5,13,5,15,5,7,5,5,5,18,5,13,6,
6,5,16,5,13,5,15,5,7,5,5,5,20,5,8,5,
6,5,16,5,13,5,15,5,7,5,5,5,20,5,8,5,
6,5,16,5,13,5,15,5,7,5,5,5,18,5,12,7,
6,5,16,5,13,5,15,5,7,5,5,5,20,5,8,5,
6,5,16,5,13,5,15,5,7,5,5,5,18,5,11,6,
6,5,16,5,13,5,15,5,7,5,5,5,20,5,8,5,
6,5,16,5,13,5,15,5,7,5,5,5,19,5,8,5,
6,5,16,5,13,5,15,5,7,5,5,5,19,5,13,8,
6,5,16,5,13,5,15,5,7,5,5,5,18,5,8,5,
6,5,16,5,13,5,15,5,7,5,5,5,18,5,13,6,
6,5,16,5,13,5,15,5,7,5,5,5,20,5,8,5,
6,5,16,5,13,5,15,5,7,5,5,5,18,5,13,7,
6,5,16,5,13,5,15,5,7,5,5,5,18,5,13,7,
6,5,16,5,13,5,15,5,7,5,5,5,18,5,13,7,
6,5,16,5,13,5,15,5,7,5,5,5,20,5,8,5,
6,5,16,5,13,5,15,5,7,5,5,5,18,5,13,6,
6,5,16,5,13,5,15,5,7,5,5,5,19,5,10,6,
6,5,16,5,13,5,15,5,7,5,5,5,19,5,10,6,
6,5,16,5,13,5,15,5,7,5,5,5,19,5,8,5,
6,5,16,5,13,5,15,5,7,5,5,5,19,5,10,6,
6,5,16,5,13,5,15,5,7,5,5,5,18,5,13,7,
6,5,16,5,13,5,15,5,7,5,5,5,19,5,10,6,
6,5,16,5,13,5,15,5,7,5,5,5,20,5,8,5,
6,5,16,5,13,5,15,5,7,5,5,5,20,5,8,5,
6,5,16,5,13,5,15,5,7,5,5,5,19,5,8,5,
6,5,16,5,13,5,15,5,7,5,5,5,18,5,13,7,
6,5,16,5,13,5,15,5,7,5,5,5,20,5,8,5,
6,5,16,5,13,5,15,5,7,5,5,5,19,5,8,5,
6,5,16,5,13,5,15,5,7,5,5,5,18,5,13,7,
6,5,16,5,13,5,15,5,7,5,5,5,20,5,8,5,
6,5,16,5,13,5,15,5,7,5,5,5,19,5,13,7,
6,5,16,5,13,5,15,5,7,5,5,5,18,5,13,7,
6,5,16,5,13,5,15,5,7,5,5,5,19,5,8,6,
6,5,16,5,13,5,15,5,7,5,5,5,20,5,8,5,
6,5,16,5,13,5,15,5,7,5,5,5,20,5,8,5,
6,5,16,5,13,5,15,5,7,5,5,5,19,5,13,6,
6,5,16,5,13,5,15,5,7,5,5,5,20,5,8,5,
6,5,16,5,13,5,15,5,7,5,5,5,19,5,13,5,
6,5,16,5,13,5,15,5,7,5,5,5,18,5,13,8,
6,5,16,5,13,5,15,5,7,5,5,5,18,5,13,7,
6,5,16,5,13,5,15,5,7,5,5,5,18,5,13,7,
6,5,16,5,13,5,15,5,7,5,5,5,18,5,13,13,
6,5,16,5,13,5,15,5,7,5,5,5,18,5,12,6,
6,5,16,5,13,5,15,5,7,5,5,5,18,5,13,13,
6,5,16,5,13,5,15,5,7,5,5,5,19,5,8,5,
6,5,16,5,13,5,15,5,7,5,5,5,20,5,8,5,
6,5,16,5,13,5,15,5,7,5,5,5,19,5,12,6,
6,5,16,5,13,5,15,5,7,5,5,5,18,5,13,6,
6,5,16,5,13,5,15,5,7,5,5,5,19,5,10,6,
6,5,16,5,13,5,15,5,7,5,5,5,18,5,13,7,
6,5,16,5,13,5,15,5,7,5,5,5,18,5,13,8,
6,5,16,5,13,5,15,5,7,5,5,5,18,5,13,7,
6,5,16,5,13,5,15,5,7,5,5,5,18,5,13,13,
6,5,16,5,13,5,15,5,7,5,5,5,18,5,13,6,
6,5,16,5,13,5,15,5,7,5,5,5,18,5,13,7,
6,5,16,5,13,5,15,5,7,5,5,5,19,5,8,5,
6,5,16,5,13,5,15,5,7,5,5,5,20,5,8,5,
6,5,16,5,13,5,15,5,7,5,5,5,18,5,13,9,
6,5,16,5,13,5,15,5,7,5,5,5,18,5,11,6,
6,5,16,5,13,5,15,5,7,5,5,5,20,5,8,5,
6,5,16,5,13,5,15,5,7,5,5,5,18,5,13,13,
6,5,16,5,13,5,15,5,7,5,5,5,19,5,9,5,
6,5,16,5,13,5,15,5,7,5,5,5,18,5,13,7,
6,5,16,5,13,5,15,5,7,5,5,5,18,5,13,13,
6,5,16,5,13,5,15,5,7,5,5,5,18,5,11,6,
6,5,16,5,13,5,15,5,7,5,5,5,18,5,13,13,
6,5,16,5,13,5,15,5,7,5,5,5,18,5,13,7,
6,5,16,5,13,5,15,5,7,5,5,5,18,5,13,12,
6,5,16,5,13,5,15,5,7,5,5,5,18,5,13,7,
6,5,16,5,13,5,15,5,7,5,5,5,20,5,8,5,
6,5,16,5,13,5,15,5,7,5,5,5,19,5,8,5,
6,5,16,5,13,5,15,5,7,5,5,5,19,5,12,7,
6,5,16,5,13,5,15,5,7,5,5,5,18,5,13,7,
6,5,16,5,13,5,15,5,7,5,5,5,18,5,13,7,
6,5,16,5,13,5,15,5,7,5,5,5,20,5,8,5,
6,5,16,5,13,5,15,5,7,5,5,5,18,5,12,7,
6,5,16,5,13,5,15,5,7,5,5,5,18,5,9,5,
6,5,16,5,13,5,15,5,7,5,5,5,18,5,12,6,
6,5,16,5,13,5,15,5,7,5,5,5,19,5,9,5,
6,5,16,5,13,5,15,5,7,5,5,5,18,5,13,6,
6,5,16,5,13,5,15,5,7,5,5,5,19,5,8,6,
6,5,16,5,13,5,15,5,7,5,5,5,19,5,11,6,
6,5,16,5,13,5,15,5,7,5,5,5,18,5,12,6,
6,5,16,5,13,5,15,5,7,5,5,5,18,5,13,9,
6,5,16,5,13,5,15,5,7,5,5,5,18,5,13,8,
6,5,16,5,13,5,15,5,7,5,5,5,18,5,13,13,
6,5,16,5,13,5,15,5,7,5,5,5,16,5,11,6,
6,5,16,5,13,5,15,5,7,5,5,5,16,5,13,7,
6,5,16,5,13,5,15,5,7,5,5,5,16,5,8,5,
6,5,16,5,13,5,15,5,7,5,5,5,16,5,8,5,
6,5,16,5,13,5,15,5,7,5,5,5,15,5,8,5,
6,5,16,5,13,5,15,5,7,5,5,5,15,5,8,5,
6,5,16,5,13,5,15,5,7,5,5,5,16,5,8,5,
6,5,16,5,13,5,15,5,7,5,5,5,15,5,13,8,
6,5,16,5,13,5,15,5,7,5,5,5,16,5,8,5,
6,5,16,5,13,5,15,5,7,5,5,5,15,5,13,7,
6,5,16,5,13,5,15,5,7,5,5,5,16,5,8,5,
6,5,16,5,13,5,15,5,7,5,5,5,16,5,8,5,
6,5,16,5,13,5,15,5,7,5,5,5,16,5,8,5,
6,5,16,5,13,5,15,5,7,5,5,5,16,5,11,6,
6,5,16,5,13,5,15,5,7,5,5,5,15,5,8,5,
6,5,16,5,13,5,15,5,7,5,5,5,16,5,11,6,
6,5,16,5,13,5,15,5,7,5,5,5,15,5,13,6,
6,5,16,5,13,5,15,5,7,5,5,5,16,5,12,6,
6,5,16,5,13,5,15,5,7,5,5,5,16,5,8,5,
6,5,16,5,13,5,15,5,7,5,5,5,16,5,10,6,
6,5,16,5,13,5,15,5,7,5,5,5,15,5,8,5,
6,5,16,5,13,5,15,5,7,5,5,5,15,5,13,6,
6,5,16,5,13,5,15,5,7,5,5,5,16,5,8,5,
6,5,16,5,13,5,15,5,7,5,5,5,16,5,8,5,
6,5,16,5,13,5,15,5,7,5,5,5,16,5,8,5,
6,5,16,5,13,5,15,5,7,5,5,5,16,5,8,5,
6,5,16,5,13,5,15,5,7,5,5,5,15,5,8,5,
6,5,16,5,13,5,15,5,7,5,5,5,16,5,8,5,
6,5,16,5,13,5,15,5,7,5,5,5,16,5,8,5,
6,5,16,5,13,5,15,5,7,5,5,5,16,5,8,5,
6,5,16,5,13,5,15,5,7,5,5,5,15,5,8,5,
6,5,16,5,13,5,15,5,7,5,5,5,16,5,13,7,
6,5,16,5,13,5,15,5,7,5,5,5,16,5,8,5,
6,5,16,5,13,5,15,5,7,5,5,5,16,5,8,5,
6,5,16,5,13,5,15,5,7,5,5,5,16,5,8,5,
6,5,16,5,13,5,15,5,7,5,5,5,15,5,8,5,
6,5,16,5,13,5,15,5,7,5,5,5,16,5,8,5,
6,5,16,5,13,5,15,5,7,5,5,5,16,5,8,5,
6,5,16,5,13,5,15,5,7,5,5,5,16,5,9,5,
6,5,16,5,13,5,15,5,7,5,5,5,16,5,8,5,
6,5,16,5,13,5,15,5,7,5,5,5,16,5,8,5,
6,5,16,5,13,5,15,5,7,5,5,5,16,5,8,5,
6,5,16,5,13,5,15,5,7,5,5,5,16,5,8,5,
6,5,16,5,13,5,15,5,7,5,5,5,16,5,8,5,
6,5,16,5,13,5,15,5,7,5,5,5,16,5,8,5,
6,5,16,5,13,5,15,5,7,5,5,5,16,5,8,5,
6,5,16,5,13,5,15,5,7,5,5,5,16,5,8,5,
6,5,16,5,13,5,15,5,7,5,5,5,15,5,13,7,
6,5,16,5,13,5,15,5,7,5,5,5,16,5,8,5,
6,5,16,5,13,5,15,5,7,5,5,5,16,5,8,5,
6,5,16,5,13,5,15,5,7,5,5,5,16,5,8,5,
6,5,16,5,13,5,15,5,7,5,5,5,16,5,8,5,
6,5,16,5,13,5,15,5,7,5,5,5,15,5,8,5,
6,5,16,5,13,5,15,5,7,5,5,5,16,5,9,6,
6,5,16,5,13,5,15,5,7,5,5,5,16,5,11,6,
6,5,16,5,13,5,15,5,7,5,5,5,16,5,8,5,
6,5,16,5,13,5,15,5,7,5,5,5,16,5,8,5,
6,5,16,5,13,5,15,5,7,5,5,5,16,5,8,5,
6,5,16,5,13,5,15,5,7,5,5,5,16,5,8,5,
6,5,16,5,13,5,15,5,7,5,5,5,16,5,8,5,
6,5,16,5,13,5,15,5,7,5,5,5,16,5,8,5,
6,5,16,5,13,5,15,5,7,5,5,5,16,5,8,5,
6,5,16,5,13,5,15,5,7,5,5,5,15,5,13,7,
6,5,16,5,13,5,15,5,7,5,5,5,16,5,8,5,
6,5,16,5,13,5,15,5,7,5,5,5,16,5,8,5,
6,5,16,5,13,5,15,5,7,5,5,5,16,5,10,6,
6,5,16,5,13,5,15,5,7,5,5,5,16,5,11,6,
6,5,16,5,13,5,15,5,7,5,5,5,15,5,9,6,
6,5,16,5,13,5,15,5,7,5,5,5,16,5,8,5,
6,5,16,5,13,5,15,5,7,5,5,5,16,5,8,5,
6,5,16,5,13,5,15,5,7,5,5,5,16,5,8,5,
6,5,16,5,13,5,15,5,7,5,5,5,15,5,8,5,
6,5,16,5,13,5,15,5,7,5,5,5,16,5,8,5,
6,5,16,5,13,5,15,5,7,5,5,5,15,5,8,5,
6,5,16,5,13,5,15,5,7,5,5,5,16,5,8,5,
6,5,16,5,13,5,15,5,7,5,5,5,16,5,8,5,
6,5,16,5,13,5,15,5,7,5,5,5,16,5,8,5,
6,5,16,5,13,5,15,5,7,5,5,5,15,5,12,6,
6,5,16,5,13,5,15,5,7,5,5,5,16,5,8,5,
6,5,16,5,13,5,15,5,7,5,5,5,16,5,8,5,
6,5,16,5,13,5,15,5,7,5,5,5,16,5,8,5,
6,5,16,5,13,5,15,5,7,5,5,5,15,5,11,6,
6,5,16,5,13,5,15,5,7,5,5,5,15,5,13,9,
6,5,16,5,13,5,15,5,7,5,5,5,15,5,13,8,
6,5,16,5,13,5,15,5,7,5,5,5,16,5,8,5,
6,5,16,5,13,5,15,5,7,5,5,5,16,5,8,5,
6,5,16,5,13,5,15,5,7,5,5,5,16,5,8,5,
6,5,16,5,13,5,15,5,7,5,5,5,16,5,8,5,
6,5,16,5,13,5,15,5,7,5,5,5,16,5,8,5,
6,5,16,5,13,5,15,5,7,5,5,5,16,5,8,5,
6,5,16,5,13,5,15,5,7,5,5,5,16,5,8,5,
6,5,16,5,13,5,15,5,7,5,5,5,16,5,8,6,
6,5,16,5,13,5,15,5,7,5,5,5,16,5,10,6,
6,5,16,5,13,5,15,5,7,5,5,5,16,5,8,5,
6,5,16,5,13,5,15,5,7,5,5,5,16,5,8,5,
6,5,16,5,13,5,15,5,7,5,5,5,15,5,13,7,
6,5,16,5,13,5,15,5,7,5,5,5,16,5,8,5,
6,5,16,5,13,5,15,5,7,5,5,5,16,5,8,5,
6,5,16,5,13,5,15,5,7,5,5,5,15,5,8,5,
6,5,16,5,13,5,15,5,7,5,5,5,15,5,13,7,
6,5,16,5,13,5,15,5,7,5,5,5,16,5,8,5,
6,5,16,5,13,5,15,5,7,5,5,5,15,5,8,5,
6,5,16,5,13,5,15,5,7,5,5,5,15,5,8,5,
6,5,16,5,13,5,15,5,7,5,5,5,15,5,8,5,
6,5,16,5,13,5,15,5,7,5,5,5,15,5,8,5,
6,5,16,5,13,5,15,5,7,5,5,5,15,5,8,5,
6,5,16,5,13,5,15,5,7,5,5,5,15,5,8,5,
6,5,16,5,13,5,15,5,7,5,5,5,15,5,8,5,
6,5,16,5,13,5,15,5,7,5,5,5,15,5,8,5,
6,5,16,5,13,5,15,5,7,5,5,5,15,5,8,5,
6,5,16,5,13,5,15,5,7,5,5,5,15,5,8,5,
6,5,16,5,13,5,15,5,7,5,5,5,15,5,8,5,
6,5,16,5,13,5,15,5,7,5,5,5,15,5,8,5,
6,5,16,5,13,5,15,5,7,5,5,5,15,5,8,5,
6,5,16,5,13,5,15,5,7,5,5,5,15,5,8,5,
6,5,16,5,13,5,15,5,7,5,5,5,15,5,8,5,
6,5,16,5,13,5,15,5,7,5,5,5,15,5,8,5,
6,5,16,5,13,5,15,5,7,5,5,5,15,5,8,5,
6,5,16,5,13,5,15,5,7,5,5,5,15,5,8,5,
6,5,16,5,13,5,15,5,7,5,5,5,15,5,8,5,
6,5,16,5,13,5,15,5,7,5,5,5,15,5,8,5,
6,5,16,5,13,5,15,5,7,5,5,5,15,5,8,5,
6,5,16,5,13,5,15,5,7,5,5,5,15,5,8,5,
6,5,16,5,13,5,15,5,7,5,5,5,15,5,8,5,
6,5,16,5,13,5,15,5,7,5,5,5,15,5,8,5,
6,5,16,5,13,5,15,5,7,5,5,5,15,5,8,5,
6,5,16,5,13,5,15,5,7,5,5,5,15,5,8,5,
6,5,16,5,13,5,15,5,7,5,5,5,15,5,8,5,
6,5,16,5,13,5,15,5,7,5,5,5,15,5,8,5,
6,5,16,5,13,5,15,5,7,5,5,5,15,5,8,5,
6,5,16,5,13,5,15,5,7,5,5,5,15,5,8,5,
6,5,16,5,13,5,15,5,7,5,5,5,15,5,8,5,
6,5,16,5,13,5,15,5,7,5,5,5,15,5,8,5,
6,5,16,5,13,5,15,5,7,5,5,5,15,5,8,5,
6,5,16,5,13,5,15,5,7,5,5,5,15,5,8,5,
6,5,16,5,13,5,15,5,7,5,5,5,15,5,8,5,
6,5,16,5,13,5,15,5,7,5,5,5,15,5,8,5,
6,5,16,5,13,5,15,5,7,5,5,5,15,5,8,5,
6,5,16,5,13,5,15,5,7,5,5,5,15,5,8,5,
6,5,16,5,13,5,15,5,7,5,5,5,15,5,8,5,
6,5,16,5,13,5,15,5,7,5,5,5,15,5,8,5,
6,5,16,5,13,5,15,5,7,5,5,5,15,5,8,5,
6,5,16,5,13,5,15,5,7,5,5,5,15,5,8,5,
6,5,16,5,13,5,15,5,7,5,5,5,15,5,8,5,
6,5,16,5,13,5,15,5,7,5,5,5,15,5,8,5,
6,5,16,5,13,5,15,5,7,5,5,5,15,5,8,5,
6,5,16,5,13,5,15,5,7,5,5,5,15,5,8,5,
6,5,16,5,13,5,15,5,7,5,5,5,15,5,8,5,
6,5,16,5,13,5,15,5,7,5,5,5,15,5,8,5,
6,5,16,5,13,5,15,5,7,5,5,5,15,5,8,5,
6,5,16,5,13,5,15,5,7,5,5,5,15,5,8,5,
6,5,16,5,13,5,15,5,7,5,5,5,15,5,8,5,
6,5,16,5,13,5,15,5,7,5,5,5,15,5,8,5,
6,5,16,5,13,5,15,5,7,5,5,5,15,5,8,5,
6,5,16,5,13,5,15,5,7,5,5,5,15,5,8,5,
6,5,16,5,13,5,15,5,7,5,5,5,15,5,8,5,
6,5,16,5,13,5,15,5,7,5,5,5,15,5,8,5,
6,5,16,5,13,5,15,5,7,5,5,5,15,5,8,5,
6,5,16,5,13,5,15,5,7,5,5,5,15,5,8,5,
6,5,16,5,13,5,15,5,7,5,5,5,15,5,8,5,
6,5,16,5,13,5,15,5,7,5,5,5,15,5,8,5,
6,5,16,5,13,5,15,5,7,5,5,5,15,5,8,5,
6,5,16,5,13,5,15,5,7,5,5,5,15,5,8,5,
6,5,16,5,13,5,15,5,7,5,5,5,15,5,8,5,
6,5,16,5,13,5,15,5,7,5,5,5,15,5,8,5,
6,5,16,5,13,5,15,5,7,5,5,5,15,5,8,5,
6,5,16,5,13,5,15,5,7,5,5,5,15,5,8,5,
6,5,16,5,13,5,15,5,7,5,5,5,15,5,8,5,
6,5,16,5,13,5,15,5,7,5,5,5,15,5,8,5,
6,5,16,5,13,5,15,5,7,5,5,5,15,5,8,5,
6,5,16,5,13,5,15,5,7,5,5,5,15,5,8,5,
6,5,16,5,13,5,15,5,7,5,5,5,15,5,8,5,
6,5,16,5,13,5,15,5,7,5,5,5,15,5,8,5,
6,5,16,5,13,5,15,5,7,5,5,5,15,5,8,5,
6,5,16,5,13,5,15,5,7,5,5,5,15,5,8,5,
6,5,16,5,13,5,15,5,7,5,5,5,15,5,8,5,
6,5,16,5,13,5,15,5,7,5,5,5,15,5,8,5,
6,5,16,5,13,5,15,5,7,5,5,5,15,5,8,5,
6,5,16,5,13,5,15,5,7,5,5,5,15,5,8,5,
6,5,16,5,13,5,15,5,7,5,5,5,15,5,8,5,
6,5,16,5,13,5,15,5,7,5,5,5,15,5,8,5,
6,5,16,5,13,5,15,5,7,5,5,5,15,5,8,5,
6,5,16,5,13,5,15,5,7,5,5,5,15,5,8,5,
6,5,16,5,13,5,15,5,7,5,5,5,15,5,8,5,
6,5,16,5,13,5,15,5,7,5,5,5,15,5,8,5,
6,5,16,5,13,5,15,5,7,5,5,5,15,5,8,5,
6,5,16,5,13,5,15,5,7,5,5,5,15,5,8,5,
6,5,16,5,13,5,15,5,7,5,5,5,15,5,8,5,
6,5,16,5,13,5,15,5,7,5,5,5,15,5,8,5,
6,5,16,5,13,5,15,5,7,5,5,5,15,5,8,5,
6,5,16,5,13,5,15,5,7,5,5,5,15,5,8,5,
6,5,16,5,13,5,15,5,7,5,5,5,15,5,8,5,
6,5,16,5,13,5,15,5,7,5,5,5,15,5,8,5,
6,5,16,5,13,5,15,5,7,5,5,5,15,5,8,5,
6,5,16,5,13,5,15,5,7,5,5,5,15,5,8,5,
6,5,16,5,13,5,15,5,7,5,5,5,15,5,8,5,
6,5,16,5,13,5,15,5,7,5,5,5,15,5,8,5,
6,5,16,5,13,5,15,5,7,5,5,5,15,5,8,5,
6,5,16,5,13,5,15,5,7,5,5,5,15,5,8,5,
6,5,16,5,13,5,15,5,7,5,5,5,15,5,8,5,
6,5,16,5,13,5,15,5,7,5,5,5,15,5,8,5,
6,5,15,5,13,5,14,5,7,5,5,5,15,5,8,5,
6,5,15,5,13,5,14,5,7,5,5,5,15,5,9,6,
6,5,15,5,13,5,14,5,7,5,5,5,15,5,8,5,
6,5,15,5,13,5,14,5,7,5,5,5,15,5,8,5,
6,5,15,5,13,5,14,5,7,5,5,5,15,5,8,5,
6,5,15,5,13,5,14,5,7,5,5,5,15,5,8,5,
6,5,15,5,13,5,14,5,7,5,5,5,15,5,8,5,
6,5,15,5,13,5,14,5,7,5,5,5,15,5,8,5,
6,5,15,5,13,5,14,5,7,5,5,5,15,5,8,5,
6,5,15,5,13,5,14,5,7,5,5,5,15,5,8,5,
6,5,15,5,13,5,14,5,7,5,5,5,15,5,8,5,
6,5,15,5,13,5,14,5,7,5,5,5,15,5,9,6,
6,5,15,5,13,5,14,5,7,5,5,5,15,5,8,5,
6,5,15,5,13,5,14,5,7,5,5,5,15,5,8,5,
6,5,15,5,13,5,14,5,7,5,5,5,15,5,8,5,
6,5,15,5,13,5,14,5,7,5,5,5,15,5,8,5,
6,5,15,5,13,5,14,5,7,5,5,5,15,5,8,5,
6,5,15,5,13,5,14,5,7,5,5,5,15,5,8,6,
6,5,15,5,13,5,14,5,7,5,5,5,15,5,11,6,
6,5,15,5,13,5,14,5,7,5,5,5,15,5,8,5,
6,5,15,5,13,5,14,5,7,5,5,5,15,5,8,5,
6,5,15,5,13,5,14,5,7,5,5,5,15,5,9,6,
6,5,15,5,13,5,14,5,7,5,5,5,15,5,9,6,
6,5,15,5,13,5,14,5,7,5,5,5,15,5,8,5,
6,5,15,5,13,5,14,5,7,5,5,5,15,5,8,5,
6,5,15,5,13,5,14,5,7,5,5,5,15,5,8,5,
6,5,15,5,13,5,14,5,7,5,5,5,15,5,8,6,
6,5,15,5,13,5,14,5,7,5,5,5,15,5,8,5,
6,5,15,5,13,5,14,5,7,5,5,5,15,5,8,5,
6,5,15,5,13,5,14,5,7,5,5,5,15,5,8,5,
6,5,15,5,13,5,14,5,7,5,5,5,15,5,9,6,
6,5,15,5,13,5,14,5,7,5,5,5,15,5,8,5,
6,5,15,5,13,5,14,5,7,5,5,5,15,5,9,6,
6,5,15,5,13,5,14,5,7,5,5,5,15,5,8,5,
6,5,15,5,13,5,14,5,7,5,5,5,15,5,8,5,
6,5,15,5,13,5,14,5,7,5,5,5,15,5,8,5,
6,5,15,5,13,5,14,5,7,5,5,5,15,5,8,5,
6,5,15,5,13,5,14,5,7,5,5,5,15,5,8,5,
6,5,15,5,13,5,14,5,7,5,5,5,15,5,8,5,
6,5,15,5,13,5,14,5,7,5,5,5,15,5,8,5,
6,5,15,5,13,5,14,5,7,5,5,5,15,5,9,6,
6,5,15,5,13,5,14,5,7,5,5,5,15,5,11,6,
6,5,15,5,13,5,14,5,7,5,5,5,15,5,8,5,
6,5,15,5,13,5,14,5,7,5,5,5,15,5,8,5,
6,5,15,5,13,5,14,5,7,5,5,5,15,5,8,5,
6,5,15,5,13,5,14,5,7,5,5,5,15,5,8,5,
6,5,15,5,13,5,14,5,7,5,5,5,15,5,8,5,
6,5,15,5,13,5,14,5,7,5,5,5,15,5,8,5,
6,5,15,5,13,5,14,5,7,5,5,5,15,5,8,5,
6,5,15,5,13,5,14,5,7,5,5,5,15,5,9,5,
6,5,15,5,13,5,14,5,7,5,5,5,15,5,8,6,
6,5,15,5,13,5,14,5,7,5,5,5,15,5,9,6,
6,5,15,5,13,5,14,5,7,5,5,5,15,5,8,5,
6,5,15,5,13,5,14,5,7,5,5,5,15,5,8,5,
6,5,15,5,13,5,14,5,7,5,5,5,15,5,8,5,
6,5,15,5,13,5,14,5,7,5,5,5,15,5,8,6,
6,5,15,5,13,5,14,5,7,5,5,5,15,5,9,6,
6,5,15,5,13,5,14,5,7,5,5,5,15,5,9,6,
6,5,15,5,13,5,14,5,7,5,5,5,15,5,9,6,
6,5,15,5,13,5,14,5,7,5,5,5,15,5,8,5,
6,5,15,5,13,5,14,5,7,5,5,5,15,5,8,5,
6,5,15,5,13,5,14,5,7,5,5,5,15,5,9,6,
6,5,15,5,13,5,14,5,7,5,5,5,15,5,8,5,
6,5,15,5,13,5,14,5,7,5,5,5,15,5,9,6,
6,5,15,5,13,5,14,5,7,5,5,5,15,5,9,6,
6,5,15,5,13,5,14,5,7,5,5,5,15,5,8,5,
6,5,15,5,13,5,14,5,7,5,5,5,15,5,8,5,
6,5,15,5,13,5,14,5,7,5,5,5,15,5,8,5,
6,5,15,5,13,5,14,5,7,5,5,5,15,5,8,5,
6,5,15,5,13,5,14,5,7,5,5,5,15,5,8,6,
6,5,15,5,13,5,14,5,7,5,5,5,15,5,9,6,
6,5,15,5,13,5,14,5,7,5,5,5,15,5,8,5,
6,5,15,5,13,5,14,5,7,5,5,5,15,5,10,6,
6,5,15,5,13,5,14,5,7,5,5,5,15,5,9,6,
6,5,15,5,13,5,14,5,7,5,5,5,15,5,9,6,
6,5,15,5,13,5,14,5,7,5,5,5,15,5,8,5,
6,5,15,5,13,5,14,5,7,5,5,5,15,5,9,6,
6,5,15,5,13,5,14,5,7,5,5,5,15,5,9,6,
6,5,15,5,13,5,14,5,7,5,5,5,15,5,8,5,
6,5,15,5,13,5,14,5,7,5,5,5,15,5,9,6,
6,5,15,5,13,5,14,5,7,5,5,5,15,5,8,5,
6,5,15,5,13,5,14,5,7,5,5,5,15,5,8,5,
6,5,15,5,13,5,14,5,7,5,5,5,15,5,8,5,
6,5,15,5,13,5,14,5,7,5,5,5,15,5,8,6,
6,5,15,5,13,5,14,5,7,5,5,5,15,5,8,5,
6,5,15,5,13,5,14,5,7,5,5,5,15,5,10,6,
6,5,15,5,13,5,14,5,7,5,5,5,15,5,8,5,
6,5,15,5,13,5,14,5,7,5,5,5,15,5,8,5,
6,5,15,5,13,5,14,5,7,5,5,5,15,5,9,6,
6,5,15,5,13,5,14,5,7,5,5,5,15,5,8,5,
6,5,15,5,13,5,14,5,7,5,5,5,15,5,8,5,
6,5,15,5,13,5,14,5,7,5,5,5,15,5,9,6,
6,5,15,5,13,5,14,5,7,5,5,5,15,5,9,6,
6,5,15,5,13,5,14,5,7,5,5,5,15,5,8,5,
6,5,15,5,13,5,14,5,7,5,5,5,15,5,8,5,
6,5,15,5,13,5,14,5,7,5,5,5,15,5,9,6,
6,5,15,5,13,5,14,5,7,5,5,5,15,5,8,5,
6,5,15,5,13,5,14,5,7,5,5,5,15,5,9,6,
6,5,15,5,13,5,14,5,7,5,5,5,15,5,8,5,
6,5,15,5,13,5,14,5,7,5,5,5,15,5,8,5,
6,5,14,5,13,5,14,5,7,5,5,5,17,5,8,5,
6,5,14,5,13,5,14,5,7,5,5,5,17,5,8,5,
6,5,14,5,13,5,14,5,7,5,5,5,17,5,8,6,
6,5,14,5,13,5,14,5,7,5,5,5,17,5,8,5,
6,5,14,5,13,5,14,5,7,5,5,5,16,5,9,6,
6,5,14,5,13,5,14,5,7,5,5,5,17,5,9,6,
6,5,14,5,13,5,14,5,7,5,5,5,16,5,8,5,
6,5,14,5,13,5,14,5,7,5,5,5,16,5,8,6,
6,5,14,5,13,5,14,5,7,5,5,5,17,5,8,5,
6,5,14,5,13,5,14,5,7,5,5,5,17,5,8,6,
6,5,14,5,13,5,14,5,7,5,5,5,16,5,8,5,
6,5,14,5,13,5,14,5,7,5,5,5,16,5,8,6,
6,5,14,5,13,5,14,5,7,5,5,5,16,5,8,5,
6,5,14,5,13,5,14,5,7,5,5,5,16,5,8,5,
6,5,14,5,13,5,14,5,7,5,5,5,16,5,8,5,
6,5,14,5,13,5,14,5,7,5,5,5,16,5,10,5,
6,5,14,5,13,5,14,5,7,5,5,5,17,5,8,5,
6,5,14,5,13,5,14,5,7,5,5,5,16,5,8,5,
6,5,14,5,13,5,14,5,7,5,5,5,17,5,9,5,
6,5,14,5,13,5,14,5,7,5,5,5,17,5,8,5,
6,5,14,5,13,5,14,5,7,5,5,5,16,5,8,5,
6,5,14,5,13,5,14,5,7,5,5,5,16,5,8,5,
6,5,14,5,13,5,14,5,7,5,5,5,17,5,9,6,
6,5,14,5,13,5,14,5,7,5,5,5,16,5,8,5,
6,5,14,5,13,5,14,5,7,5,5,5,16,5,8,5,
6,5,14,5,13,5,14,5,7,5,5,5,16,5,10,6,
6,5,14,5,13,5,14,5,7,5,5,5,17,5,8,5,
6,5,14,5,13,5,14,5,7,5,5,5,17,5,8,6,
6,5,14,5,13,5,14,5,7,5,5,5,16,5,8,5,
6,5,14,5,13,5,14,5,7,5,5,5,16,5,8,5,
6,5,14,5,13,5,14,5,7,5,5,5,17,5,8,5,
6,5,14,5,13,5,14,5,7,5,5,5,17,5,9,6,
6,5,14,5,13,5,14,5,7,5,5,5,17,5,8,5,
6,5,14,5,13,5,14,5,7,5,5,5,16,5,8,5,
6,5,14,5,13,5,14,5,7,5,5,5,16,5,11,6,
6,5,14,5,13,5,14,5,7,5,5,5,17,5,8,5,
6,5,14,5,13,5,14,5,7,5,5,5,16,5,8,5,
6,5,14,5,13,5,14,5,7,5,5,5,16,5,8,5,
6,5,14,5,13,5,14,5,7,5,5,5,16,5,8,5,
6,5,14,5,13,5,14,5,7,5,5,5,16,5,8,5,
6,5,14,5,13,5,14,5,7,5,5,5,17,5,8,5,
6,5,14,5,13,5,14,5,7,5,5,5,16,5,9,6,
6,5,14,5,13,5,14,5,7,5,5,5,16,5,8,6,
6,5,14,5,13,5,14,5,7,5,5,5,16,5,8,5,
6,5,14,5,13,5,14,5,7,5,5,5,16,5,8,5,
6,5,14,5,13,5,14,5,7,5,5,5,17,5,8,5,
6,5,14,5,13,5,14,5,7,5,5,5,16,5,8,5,
6,5,14,5,13,5,14,5,7,5,5,5,17,5,8,5,
6,5,14,5,13,5,14,5,7,5,5,5,16,5,13,6,
6,5,14,5,13,5,14,5,7,5,5,5,17,5,8,5,
6,5,14,5,13,5,14,5,7,5,5,5,17,5,8,6,
6,5,14,5,13,5,14,5,7,5,5,5,16,5,8,5,
6,5,14,5,13,5,14,5,7,5,5,5,16,5,8,5,
6,5,14,5,13,5,14,5,7,5,5,5,16,5,8,5,
6,5,14,5,13,5,14,5,7,5,5,5,17,5,9,5,
6,5,14,5,13,5,14,5,7,5,5,5,17,5,8,6,
6,5,14,5,13,5,14,5,7,5,5,5,16,5,8,5,
6,5,14,5,13,5,14,5,7,5,5,5,16,5,9,6,
6,5,14,5,13,5,14,5,7,5,5,5,16,5,8,5,
6,5,14,5,13,5,14,5,7,5,5,5,16,5,8,5,
6,5,14,5,13,5,14,5,7,5,5,5,16,5,8,5,
6,5,14,5,13,5,14,5,7,5,5,5,17,5,8,5,
6,5,14,5,13,5,14,5,7,5,5,5,16,5,8,6,
6,5,14,5,13,5,14,5,7,5,5,5,16,5,8,5,
6,5,14,5,13,5,14,5,7,5,5,5,16,5,8,6,
6,5,14,5,13,5,14,5,7,5,5,5,17,5,8,5,
6,5,14,5,13,5,14,5,7,5,5,5,17,5,8,6,
6,5,14,5,13,5,14,5,7,5,5,5,16,5,8,5,
6,5,14,5,13,5,14,5,7,5,5,5,16,5,8,5,
6,5,14,5,13,5,14,5,7,5,5,5,17,5,8,5,
6,5,14,5,13,5,14,5,7,5,5,5,17,5,8,5,
6,5,14,5,13,5,14,5,7,5,5,5,17,5,8,5,
6,5,14,5,13,5,14,5,7,5,5,5,16,5,8,5,
6,5,14,5,13,5,14,5,7,5,5,5,16,5,9,6,
6,5,14,5,13,5,14,5,7,5,5,5,17,5,8,5,
6,5,14,5,13,5,14,5,7,5,5,5,16,5,8,5,
6,5,14,5,13,5,14,5,7,5,5,5,16,5,8,5,
6,5,14,5,13,5,14,5,7,5,5,5,16,5,8,5,
6,5,14,5,13,5,14,5,7,5,5,5,17,5,8,5,
6,5,14,5,13,5,14,5,7,5,5,5,17,5,9,6,
6,5,14,5,13,5,14,5,7,5,5,5,16,5,8,5,
6,5,14,5,13,5,14,5,7,5,5,5,17,5,8,5,
6,5,14,5,13,5,14,5,7,5,5,5,16,5,8,5,
6,5,14,5,13,5,14,5,7,5,5,5,17,5,8,5,
6,5,14,5,13,5,14,5,7,5,5,5,16,5,8,5,
6,5,14,5,13,5,14,5,7,5,5,5,17,5,8,6,
6,5,14,5,13,5,14,5,7,5,5,5,17,5,8,5,
6,5,14,5,13,5,14,5,7,5,5,5,16,5,8,6,
6,5,14,5,13,5,14,5,7,5,5,5,16,5,8,5,
6,5,14,5,13,5,14,5,7,5,5,5,17,5,8,5,
6,5,14,5,13,5,14,5,7,5,5,5,17,5,8,5,
6,5,14,5,13,5,14,5,7,5,5,5,16,5,8,5,
6,5,14,5,13,5,14,5,7,5,5,5,16,5,9,5,
6,5,14,5,13,5,14,5,7,5,5,5,16,5,8,5,
6,5,14,5,13,5,14,5,7,5,5,5,17,5,9,6,
6,5,14,5,13,5,14,5,7,5,5,5,17,5,8,5,
6,5,14,5,13,5,14,5,7,5,5,5,17,5,8,5,
6,5,14,5,13,5,14,5,7,5,5,5,16,5,8,5,
6,5,14,5,13,5,14,5,7,5,5,5,17,5,9,6,
6,5,14,5,13,5,14,5,7,5,5,5,17,5,10,6,
6,5,13,5,13,5,13,5,7,5,5,5,14,5,8,5,
6,5,13,5,13,5,13,5,7,5,5,5,14,5,13,6,
6,5,13,5,13,5,13,5,7,5,5,5,14,5,13,7,
6,5,13,5,13,5,13,5,7,5,5,5,15,5,8,5,
6,5,13,5,13,5,13,5,7,5,5,5,15,5,8,5,
6,5,13,5,13,5,13,5,7,5,5,5,15,5,13,7,
6,5,13,5,13,5,13,5,7,5,5,5,15,5,13,7,
6,5,13,5,13,5,13,5,7,5,5,5,15,5,13,8,
6,5,13,5,13,5,13,5,7,5,5,5,15,5,8,5,
6,5,13,5,13,5,13,5,7,5,5,5,14,5,13,7,
6,5,13,5,13,5,13,5,7,5,5,5,14,5,13,6,
6,5,13,5,13,5,13,5,7,5,5,5,15,5,13,7,
6,5,13,5,13,5,13,5,7,5,5,5,15,5,8,5,
6,5,13,5,13,5,13,5,7,5,5,5,14,5,9,6,
6,5,13,5,13,5,13,5,7,5,5,5,15,5,12,6,
6,5,13,5,13,5,13,5,7,5,5,5,15,5,13,7,
6,5,13,5,13,5,13,5,7,5,5,5,15,5,8,5,
6,5,13,5,13,5,13,5,7,5,5,5,14,5,13,13,
6,5,13,5,13,5,13,5,7,5,5,5,14,5,13,7,
6,5,13,5,13,5,13,5,7,5,5,5,15,5,8,5,
6,5,13,5,13,5,13,5,7,5,5,5,14,5,13,7,
6,5,13,5,13,5,13,5,7,5,5,5,15,5,8,5,
6,5,13,5,13,5,13,5,7,5,5,5,15,5,8,5,
6,5,13,5,13,5,13,5,7,5,5,5,15,5,13,9,
6,5,13,5,13,5,13,5,7,5,5,5,15,5,10,6,
6,5,13,5,13,5,13,5,7,5,5,5,15,5,13,6,
6,5,13,5,13,5,13,5,7,5,5,5,15,5,10,6,
6,5,13,5,13,5,13,5,7,5,5,5,14,5,8,5,
6,5,13,5,13,5,13,5,7,5,5,5,14,5,13,13,
6,5,13,5,13,5,13,5,7,5,5,5,15,5,13,7,
6,5,13,5,13,5,13,5,7,5,5,5,15,5,8,5,
6,5,13,5,13,5,13,5,7,5,5,5,15,5,13,7,
6,5,13,5,13,5,13,5,7,5,5,5,15,5,8,5,
6,5,13,5,13,5,13,5,7,5,5,5,15,5,11,6,
6,5,13,5,13,5,13,5,7,5,5,5,14,5,13,8,
6,5,13,5,13,5,13,5,7,5,5,5,15,5,13,6,
6,5,13,5,13,5,13,5,7,5,5,5,15,5,13,8,
6,5,13,5,13,5,13,5,7,5,5,5,14,5,13,13,
6,5,13,5,13,5,13,5,7,5,5,5,15,5,13,6,
6,5,13,5,13,5,13,5,7,5,5,5,15,5,10,6,
6,5,13,5,13,5,13,5,7,5,5,5,15,5,12,6,
6,5,13,5,13,5,13,5,7,5,5,5,14,5,13,7,
6,5,13,5,13,5,13,5,7,5,5,5,15,5,8,5,
6,5,13,5,13,5,13,5,7,5,5,5,14,5,8,5,
6,5,13,5,13,5,13,5,7,5,5,5,15,5,12,7,
6,5,13,5,13,5,13,5,7,5,5,5,15,5,8,5,
6,5,13,5,13,5,13,5,7,5,5,5,14,5,13,7,
6,5,13,5,13,5,13,5,7,5,5,5,15,5,13,6,
6,5,13,5,13,5,13,5,7,5,5,5,14,5,13,6,
6,5,13,5,13,5,13,5,7,5,5,5,15,5,8,5,
6,5,13,5,13,5,13,5,7,5,5,5,15,5,12,7,
6,5,13,5,13,5,13,5,7,5,5,5,15,5,12,6,
6,5,13,5,13,5,13,5,7,5,5,5,15,5,8,5,
6,5,13,5,13,5,13,5,7,5,5,5,14,5,13,13,
6,5,13,5,13,5,13,5,7,5,5,5,15,5,8,5,
6,5,13,5,13,5,13,5,7,5,5,5,15,5,13,7,
6,5,13,5,13,5,13,5,7,5,5,5,15,5,8,5,
6,5,13,5,13,5,13,5,7,5,5,5,14,5,13,9,
6,5,13,5,13,5,13,5,7,5,5,5,14,5,12,7,
6,5,13,5,13,5,13,5,7,5,5,5,14,5,13,7,
6,5,13,5,13,5,13,5,7,5,5,5,15,5,13,6,
6,5,13,5,13,5,13,5,7,5,5,5,15,5,13,7,
6,5,13,5,13,5,13,5,7,5,5,5,15,5,8,5,
6,5,13,5,13,5,13,5,7,5,5,5,14,5,9,5,
6,5,13,5,13,5,13,5,7,5,5,5,14,5,13,6,
6,5,13,5,13,5,13,5,7,5,5,5,15,5,8,5,
6,5,13,5,13,5,13,5,7,5,5,5,15,5,8,5,
6,5,13,5,13,5,13,5,7,5,5,5,15,5,8,5,
6,5,13,5,13,5,13,5,7,5,5,5,15,5,12,7,
6,5,13,5,13,5,13,5,7,5,5,5,15,5,13,6,
6,5,13,5,13,5,13,5,7,5,5,5,14,5,13,13,
6,5,13,5,13,5,13,5,7,5,5,5,15,5,13,5,
6,5,13,5,13,5,13,5,7,5,5,5,15,5,8,5,
6,5,13,5,13,5,13,5,7,5,5,5,15,5,13,8,
6,5,13,5,13,5,13,5,7,5,5,5,15,5,11,6,
6,5,13,5,13,5,13,5,7,5,5,5,15,5,8,5,
6,5,13,5,13,5,13,5,7,5,5,5,14,5,8,5,
6,5,13,5,13,5,13,5,7,5,5,5,15,5,8,5,
6,5,13,5,13,5,13,5,7,5,5,5,15,5,12,6,
6,5,13,5,13,5,13,5,7,5,5,5,15,5,13,9,
6,5,13,5,13,5,13,5,7,5,5,5,15,5,13,13,
6,5,13,5,13,5,13,5,7,5,5,5,15,5,12,6,
6,5,13,5,13,5,13,5,7,5,5,5,15,5,13,6,
6,5,13,5,13,5,13,5,7,5,5,5,15,5,12,6,
6,5,13,5,13,5,13,5,7,5,5,5,15,5,13,7,
6,5,13,5,13,5,13,5,7,5,5,5,15,5,8,5,
6,5,13,5,13,5,13,5,7,5,5,5,14,5,13,7,
6,5,13,5,13,5,13,5,7,5,5,5,14,5,13,13,
6,5,13,5,13,5,13,5,7,5,5,5,15,5,8,5,
6,5,13,5,13,5,13,5,7,5,5,5,15,5,8,5,
6,5,13,5,13,5,13,5,7,5,5,5,15,5,13,6,
6,5,13,5,13,5,13,5,7,5,5,5,15,5,11,5,
6,5,13,5,13,5,13,5,7,5,5,5,14,5,13,7,
6,5,13,5,13,5,13,5,7,5,5,5,14,5,13,10,
6,5,13,5,13,5,13,5,7,5,5,5,14,5,13,6,
6,5,13,5,13,5,13,5,7,5,5,5,15,5,13,5,
6,5,13,5,13,5,13,5,7,5,5,5,15,5,8,5,
6,5,13,5,13,5,13,5,7,5,5,5,15,5,13,13,
6,5,13,5,13,5,13,5,7,5,5,5,15,5,13,7,
6,5,13,5,13,5,13,5,7,5,5,5,14,5,8,5,
9,6,19,9,16,9,17,9,9,9,9,9,27,9,13,10,
9,6,19,9,16,9,17,9,9,9,9,9,27,9,13,10,
9,6,19,9,16,9,18,9,9,9,9,9,24,9,13,11,
9,6,19,9,16,9,17,9,9,9,9,9,26,9,13,11,
9,6,19,9,16,9,17,9,9,9,9,9,27,9,13,10,
9,6,19,9,16,9,17,9,9,9,9,9,27,9,13,10,
9,6,19,9,16,9,17,9,9,9,9,9,26,9,13,11,
9,6,19,9,17,9,17,9,9,9,9,9,26,9,13,10,
9,6,19,9,16,9,18,9,9,9,9,9,25,9,13,11,
9,6,19,9,16,9,18,9,9,9,9,9,27,9,13,10,
9,6,19,9,16,9,18,9,9,9,9,9,24,9,13,11,
9,6,19,9,16,9,17,9,9,9,9,9,27,9,13,10,
9,6,19,9,16,9,19,9,9,9,9,9,23,9,13,17,
9,6,19,9,16,9,18,9,9,9,9,9,26,9,13,10,
9,6,19,9,16,9,17,9,9,9,9,9,25,9,13,10,
9,6,19,9,16,9,17,9,9,9,9,9,25,9,13,12,
9,6,19,9,16,9,17,9,9,9,9,9,27,9,13,10,
9,6,19,9,16,9,17,9,9,9,9,9,26,9,13,10,
9,6,19,9,17,9,17,9,9,9,9,9,25,9,13,10,
9,6,19,9,16,9,17,9,9,9,9,9,25,9,13,12,
9,6,19,9,16,9,17,9,9,9,9,9,26,9,13,15,
9,6,19,9,16,9,18,9,9,9,9,9,27,9,13,10,
9,6,19,9,16,9,18,9,9,9,9,9,26,9,13,10,
9,6,19,9,16,9,18,9,9,9,9,9,27,9,13,10,
9,6,19,9,16,9,17,9,9,9,9,9,26,9,13,12,
9,6,19,9,16,9,17,9,9,9,9,9,27,9,13,10,
9,6,19,9,16,9,17,9,9,9,9,9,27,9,13,12,
9,6,19,9,16,9,17,9,9,9,9,9,27,9,13,10,
9,6,19,9,16,9,17,9,9,9,9,9,25,9,13,14,
9,6,19,9,16,9,18,9,9,9,9,9,26,9,13,10,
9,6,19,9,16,9,18,9,9,9,9,9,26,9,13,10,
9,6,19,9,16,9,19,9,9,9,9,9,25,9,13,10,
9,6,19,9,16,9,17,9,9,9,9,9,26,9,13,12,
9,6,19,9,16,9,17,9,9,9,9,9,26,9,13,12,
9,6,19,9,16,9,17,9,9,9,9,9,27,9,13,10,
9,6,19,9,16,9,18,9,9,9,9,9,26,9,13,10,
9,6,19,9,16,9,17,9,9,9,9,9,26,9,13,11,
9,6,19,9,16,9,18,9,9,9,9,9,24,9,13,14,
9,6,19,9,16,9,17,9,9,9,9,9,26,9,13,10,
9,6,19,9,16,9,17,9,9,9,9,9,26,9,13,10,
9,6,19,9,16,9,17,9,9,9,9,9,26,9,13,11,
9,6,19,9,16,9,18,9,9,9,9,9,26,9,13,10,
9,6,19,9,16,9,17,9,9,9,9,9,25,9,13,12,
9,6,19,9,16,9,17,9,9,9,9,9,25,9,13,10,
9,6,19,9,16,9,17,9,9,9,9,9,27,9,13,10,
9,6,19,9,16,9,18,9,9,9,9,9,26,9,13,10,
9,6,19,9,16,9,17,9,9,9,9,9,27,9,13,10,
9,6,19,9,16,9,17,9,9,9,9,9,26,9,13,12,
9,6,19,9,16,9,18,9,9,9,9,9,27,9,13,10,
9,6,19,9,16,9,19,9,9,9,9,9,24,9,13,11,
9,6,19,9,16,9,18,9,9,9,9,9,24,9,13,12,
9,6,19,9,16,9,17,9,9,9,9,9,26,9,13,12,
9,6,19,9,16,9,18,9,9,9,9,9,26,9,13,10,
9,6,19,9,16,9,17,9,9,9,9,9,26,9,13,10,
9,6,19,9,16,9,18,9,9,9,9,9,25,9,13,10,
9,6,19,9,16,9,17,9,9,9,9,9,25,9,13,13,
9,6,19,9,16,9,18,9,9,9,9,9,25,9,13,11,
9,6,19,9,16,9,17,9,9,9,9,9,26,9,13,10,
9,6,19,9,16,9,18,9,9,9,9,9,25,9,13,13,
9,6,19,9,16,9,17,9,9,9,9,9,26,9,13,11,
9,6,19,9,16,9,18,9,9,9,9,9,24,9,13,10,
9,6,19,9,16,9,17,9,9,9,9,9,25,9,13,10,
9,6,19,9,16,9,18,9,9,9,9,9,25,9,13,10,
9,6,19,9,16,9,17,9,9,9,9,9,26,9,13,10,
9,6,19,9,16,9,17,9,9,9,9,9,26,9,13,13,
9,6,19,9,16,9,18,9,9,9,9,9,26,9,13,10,
9,6,19,9,16,9,17,9,9,9,9,9,26,9,13,13,
9,6,19,9,16,9,18,9,9,9,9,9,27,9,13,10,
9,6,19,9,16,9,17,9,9,9,9,9,25,9,13,12,
9,6,19,9,16,9,17,9,9,9,9,9,26,9,13,14,
9,6,19,9,16,9,18,9,9,9,9,9,26,9,13,10,
9,6,19,9,16,9,18,9,9,9,9,9,25,9,13,10,
9,6,19,9,16,9,17,9,9,9,9,9,26,9,13,14,
9,6,19,9,16,9,17,9,9,9,9,9,27,9,13,10,
9,6,19,9,16,9,18,9,9,9,9,9,26,9,13,10,
9,6,19,9,16,9,17,9,9,9,9,9,26,9,13,12,
9,6,19,9,16,9,17,9,9,9,9,9,26,9,13,12,
9,6,19,9,16,9,17,9,9,9,9,9,27,9,13,10,
9,6,19,9,16,9,17,9,9,9,9,9,25,9,13,12,
9,6,19,9,16,9,19,9,9,9,9,9,22,9,13,17,
9,6,19,9,16,9,17,9,9,9,9,9,26,9,13,12,
9,6,19,9,16,9,17,9,9,9,9,9,26,9,13,12,
9,6,19,9,16,9,17,9,9,9,9,9,26,9,13,10,
9,6,19,9,16,9,17,9,9,9,9,9,26,9,13,12,
9,6,19,9,16,9,17,9,9,9,9,9,26,9,13,14,
9,6,19,9,16,9,18,9,9,9,9,9,27,9,13,10,
9,6,19,9,16,9,17,9,9,9,9,9,26,9,13,15,
9,6,19,9,16,9,18,9,9,9,9,9,26,9,13,10,
9,6,19,9,16,9,17,9,9,9,9,9,25,9,13,12,
9,6,19,9,16,9,18,9,9,9,9,9,27,9,13,10,
9,6,19,9,16,9,17,9,9,9,9,9,27,9,13,10,
9,6,19,9,16,9,17,9,9,9,9,9,25,9,13,11,
9,6,19,9,16,9,18,9,9,9,9,9,24,9,13,16,
9,6,19,9,16,9,17,9,9,9,9,9,26,9,13,15,
9,6,19,9,16,9,17,9,9,9,9,9,25,9,13,10,
9,6,19,9,16,9,17,9,9,9,9,9,25,9,13,10,
9,6,19,9,16,9,17,9,9,9,9,9,26,9,13,10,
9,6,19,9,16,9,17,9,9,9,9,9,27,9,13,10,
9,6,19,9,16,9,17,9,9,9,9,9,27,9,13,10,
9,6,19,9,17,9,17,9,9,9,9,9,26,9,13,10,
9,6,19,9,16,9,16,9,9,9,9,9,16,9,13,14,
9,6,19,9,16,9,16,9,9,9,9,9,17,9,13,13,
9,6,19,9,16,9,16,9,9,9,9,9,18,9,13,10,
9,6,19,9,16,9,16,9,9,9,9,9,16,9,13,10,
9,6,19,9,16,9,16,9,9,9,9,9,19,9,13,10,
9,6,19,9,16,9,16,9,9,9,9,9,17,9,13,10,
9,6,19,9,16,9,16,9,9,9,9,9,17,9,13,10,
9,6,19,9,16,9,16,9,9,9,9,9,17,9,13,10,
9,6,19,9,16,9,16,9,9,9,9,9,17,9,13,13,
9,6,19,9,16,9,16,9,9,9,9,9,18,9,13,10,
9,6,19,9,16,9,16,9,9,9,9,9,17,9,13,12,
9,6,19,9,16,9,16,9,9,9,9,9,16,9,13,13,
9,6,19,9,16,9,16,9,9,9,9,9,18,9,13,10,
9,6,19,9,16,9,16,9,9,9,9,9,17,9,13,10,
9,6,19,9,16,9,16,9,9,9,9,9,17,9,13,10,
9,6,19,9,16,9,16,9,9,9,9,9,17,9,13,10,
9,6,19,9,16,9,16,9,9,9,9,9,18,9,13,10,
9,6,19,9,16,9,16,9,9,9,9,9,17,9,13,10,
9,6,19,9,16,9,16,9,9,9,9,9,18,9,13,10,
9,6,19,9,16,9,16,9,9,9,9,9,18,9,13,12,
9,6,19,9,16,9,16,9,9,9,9,9,18,9,13,10,
9,6,19,9,16,9,16,9,9,9,9,9,17,9,13,11,
9,6,19,9,16,9,16,9,9,9,9,9,18,9,13,10,
9,6,19,9,16,9,16,9,9,9,9,9,17,9,13,10,
9,6,19,9,16,9,16,9,9,9,9,9,19,9,13,10,
9,6,19,9,16,9,16,9,9,9,9,9,18,9,13,10,
9,6,19,9,16,9,16,9,9,9,9,9,17,9,13,11,
9,6,19,9,16,9,16,9,9,9,9,9,18,9,13,10,
9,6,19,9,16,9,16,9,9,9,9,9,17,9,13,12,
9,6,19,9,16,9,16,9,9,9,9,9,17,9,13,10,
9,6,19,9,16,9,16,9,9,9,9,9,17,9,13,15,
9,6,19,9,16,9,16,9,9,9,9,9,17,9,13,12,
9,6,19,9,16,9,16,9,9,9,9,9,17,9,13,12,
9,6,19,9,16,9,16,9,9,9,9,9,17,9,13,10,
9,6,19,9,16,9,16,9,9,9,9,9,17,9,13,12,
9,6,19,9,16,9,16,9,9,9,9,9,17,9,13,11,
9,6,19,9,16,9,16,9,9,9,9,9,17,9,13,10,
9,6,19,9,16,9,16,9,9,9,9,9,18,9,13,10,
9,6,19,9,16,9,16,9,9,9,9,9,16,9,13,11,
9,6,19,9,16,9,16,9,9,9,9,9,19,9,13,10,
9,6,19,9,16,9,16,9,9,9,9,9,17,9,13,10,
9,6,19,9,16,9,16,9,9,9,9,9,17,9,13,15,
9,6,19,9,16,9,16,9,9,9,9,9,17,9,13,11,
9,6,19,9,16,9,16,9,9,9,9,9,17,9,13,10,
9,6,19,9,16,9,16,9,9,9,9,9,17,9,13,10,
9,6,19,9,16,9,16,9,9,9,9,9,17,9,13,12,
9,6,19,9,16,9,16,9,9,9,9,9,17,9,13,12,
9,6,19,9,16,9,16,9,9,9,9,9,18,9,13,10,
9,6,19,9,16,9,16,9,9,9,9,9,18,9,13,12,
9,6,19,9,16,9,16,9,9,9,9,9,19,9,13,10,
9,6,19,9,16,9,16,9,9,9,9,9,16,9,13,16,
9,6,19,9,16,9,16,9,9,9,9,9,17,9,13,11,
9,6,19,9,16,9,16,9,9,9,9,9,17,9,13,12,
9,6,19,9,16,9,16,9,9,9,9,9,17,9,13,11,
9,6,19,9,16,9,16,9,9,9,9,9,17,9,13,11,
9,6,19,9,16,9,16,9,9,9,9,9,17,9,13,12,
9,6,19,9,16,9,16,9,9,9,9,9,17,9,13,13,
9,6,19,9,16,9,16,9,9,9,9,9,16,9,13,12,
9,6,19,9,16,9,16,9,9,9,9,9,17,9,13,12,
9,6,19,9,16,9,16,9,9,9,9,9,17,9,13,10,
9,6,19,9,16,9,16,9,9,9,9,9,18,9,13,10,
9,6,19,9,16,9,16,9,9,9,9,9,18,9,13,10,
9,6,19,9,16,9,16,9,9,9,9,9,18,9,13,12,
9,6,19,9,16,9,16,9,9,9,9,9,18,9,13,10,
9,6,19,9,16,9,16,9,9,9,9,9,19,9,13,10,
9,6,19,9,16,9,16,9,9,9,9,9,17,9,13,10,
9,6,19,9,16,9,16,9,9,9,9,9,17,9,13,11,
9,6,19,9,16,9,16,9,9,9,9,9,16,9,13,12,
9,6,19,9,16,9,16,9,9,9,9,9,19,9,13,10,
9,6,19,9,16,9,16,9,9,9,9,9,18,9,13,10,
9,6,19,9,16,9,16,9,9,9,9,9,17,9,13,15,
9,6,19,9,16,9,16,9,9,9,9,9,18,9,13,10,
9,6,19,9,16,9,16,9,9,9,9,9,17,9,13,13,
9,6,19,9,16,9,16,9,9,9,9,9,17,9,13,10,
9,6,19,9,16,9,16,9,9,9,9,9,17,9,13,13,
9,6,19,9,16,9,16,9,9,9,9,9,18,9,13,10,
9,6,19,9,16,9,16,9,9,9,9,9,17,9,13,16,
9,6,19,9,16,9,16,9,9,9,9,9,18,9,13,12,
9,6,19,9,16,9,16,9,9,9,9,9,17,9,13,12,
9,6,19,9,16,9,16,9,9,9,9,9,18,9,13,10,
9,6,19,9,16,9,16,9,9,9,9,9,17,9,13,14,
9,6,19,9,16,9,16,9,9,9,9,9,18,9,13,11,
9,6,19,9,16,9,16,9,9,9,9,9,18,9,13,10,
9,6,19,9,16,9,16,9,9,9,9,9,17,9,13,12,
9,6,19,9,16,9,16,9,9,9,9,9,17,9,13,13,
9,6,19,9,16,9,16,9,9,9,9,9,17,9,13,14,
9,6,19,9,16,9,16,9,9,9,9,9,18,9,13,10,
9,6,19,9,16,9,16,9,9,9,9,9,18,9,13,10,
9,6,19,9,16,9,16,9,9,9,9,9,18,9,13,10,
9,6,19,9,16,9,16,9,9,9,9,9,19,9,13,10,
9,6,19,9,16,9,16,9,9,9,9,9,18,9,13,10,
9,6,19,9,16,9,16,9,9,9,9,9,17,9,13,10,
9,6,19,9,16,9,16,9,9,9,9,9,16,9,13,11,
9,6,19,9,16,9,16,9,9,9,9,9,17,9,13,10,
9,6,19,9,16,9,16,9,9,9,9,9,17,9,13,10,
9,6,19,9,16,9,16,9,9,9,9,9,17,9,13,12,
9,6,19,9,16,9,16,9,9,9,9,9,18,9,13,12,
9,6,19,9,16,9,16,9,9,9,9,9,17,9,13,12,
9,6,19,9,16,9,16,9,9,9,9,9,17,9,13,10,
9,6,19,9,16,9,16,9,9,9,9,9,18,9,13,10,
9,6,19,9,16,9,15,9,9,9,9,9,16,9,13,10,
9,6,19,9,16,9,16,9,9,9,9,9,16,9,13,10,
9,6,19,9,16,9,15,9,9,9,9,9,16,9,13,10,
9,6,19,9,16,9,15,9,9,9,9,9,16,9,13,10,
9,6,19,9,16,9,15,9,9,9,9,9,16,9,13,10,
9,6,19,9,16,9,15,9,9,9,9,9,16,9,13,10,
9,6,19,9,16,9,15,9,9,9,9,9,16,9,13,10,
9,6,19,9,16,9,15,9,9,9,9,9,16,9,13,10,
9,6,19,9,16,9,15,9,9,9,9,9,16,9,13,10,
9,6,19,9,16,9,15,9,9,9,9,9,16,9,13,10,
9,6,19,9,16,9,15,9,9,9,9,9,16,9,13,10,
9,6,19,9,16,9,15,9,9,9,9,9,16,9,13,10,
9,6,19,9,16,9,15,9,9,9,9,9,16,9,13,10,
9,6,19,9,16,9,16,9,9,9,9,9,16,9,13,10,
9,6,19,9,16,9,15,9,9,9,9,9,16,9,13,10,
9,6,19,9,16,9,15,9,9,9,9,9,16,9,13,10,
9,6,19,9,16,9,16,9,9,9,9,9,16,9,13,10,
9,6,19,9,16,9,16,9,9,9,9,9,16,9,13,10,
9,6,19,9,16,9,15,9,9,9,9,9,16,9,13,10,
9,6,19,9,16,9,15,9,9,9,9,9,16,9,13,10,
9,6,19,9,16,9,15,9,9,9,9,9,16,9,13,10,
9,6,19,9,16,9,15,9,9,9,9,9,16,9,13,10,
9,6,19,9,16,9,15,9,9,9,9,9,16,9,13,10,
9,6,19,9,16,9,15,9,9,9,9,9,16,9,13,10,
9,6,19,9,16,9,15,9,9,9,9,9,16,9,13,10,
9,6,19,9,16,9,16,9,9,9,9,9,16,9,13,10,
9,6,19,9,16,9,15,9,9,9,9,9,16,9,13,10,
9,6,19,9,16,9,15,9,9,9,9,9,16,9,13,10,
9,6,19,9,16,9,16,9,9,9,9,9,16,9,13,10,
9,6,19,9,16,9,16,9,9,9,9,9,16,9,13,10,
9,6,19,9,16,9,15,9,9,9,9,9,16,9,13,10,
9,6,19,9,16,9,15,9,9,9,9,9,16,9,13,10,
9,6,19,9,16,9,15,9,9,9,9,9,16,9,13,10,
9,6,19,9,16,9,16,9,9,9,9,9,16,9,13,10,
9,6,19,9,16,9,15,9,9,9,9,9,16,9,13,10,
9,6,19,9,16,9,15,9,9,9,9,9,16,9,13,10,
9,6,19,9,16,9,15,9,9,9,9,9,16,9,13,10,
9,6,19,9,16,9,15,9,9,9,9,9,16,9,13,10,
9,6,19,9,16,9,15,9,9,9,9,9,16,9,13,10,
9,6,19,9,16,9,15,9,9,9,9,9,16,9,13,10,
9,6,19,9,16,9,15,9,9,9,9,9,16,9,13,10,
9,6,19,9,16,9,16,9,9,9,9,9,16,9,13,10,
9,6,19,9,16,9,16,9,9,9,9,9,16,9,13,10,
9,6,19,9,16,9,15,9,9,9,9,9,16,9,13,10,
9,6,19,9,16,9,15,9,9,9,9,9,16,9,13,10,
9,6,19,9,16,9,15,9,9,9,9,9,16,9,13,10,
9,6,19,9,16,9,15,9,9,9,9,9,16,9,13,10,
9,6,19,9,16,9,15,9,9,9,9,9,16,9,13,10,
9,6,19,9,16,9,15,9,9,9,9,9,16,9,13,10,
9,6,19,9,16,9,15,9,9,9,9,9,16,9,13,10,
9,6,19,9,16,9,15,9,9,9,9,9,16,9,13,10,
9,6,19,9,16,9,15,9,9,9,9,9,16,9,13,10,
9,6,19,9,16,9,16,9,9,9,9,9,16,9,13,10,
9,6,19,9,16,9,16,9,9,9,9,9,16,9,13,10,
9,6,19,9,16,9,15,9,9,9,9,9,16,9,13,10,
9,6,19,9,16,9,15,9,9,9,9,9,16,9,13,10,
9,6,19,9,16,9,15,9,9,9,9,9,16,9,13,10,
9,6,19,9,16,9,15,9,9,9,9,9,16,9,13,10,
9,6,19,9,16,9,15,9,9,9,9,9,16,9,13,10,
9,6,19,9,16,9,16,9,9,9,9,9,16,9,13,10,
9,6,19,9,16,9,15,9,9,9,9,9,16,9,13,10,
9,6,19,9,16,9,15,9,9,9,9,9,16,9,13,10,
9,6,19,9,16,9,15,9,9,9,9,9,16,9,13,10,
9,6,19,9,16,9,16,9,9,9,9,9,16,9,13,10,
9,6,19,9,16,9,15,9,9,9,9,9,16,9,13,10,
9,6,19,9,16,9,16,9,9,9,9,9,16,9,13,10,
9,6,19,9,16,9,15,9,9,9,9,9,16,9,13,10,
9,6,19,9,16,9,16,9,9,9,9,9,16,9,13,10,
9,6,19,9,16,9,15,9,9,9,9,9,16,9,13,10,
9,6,19,9,16,9,15,9,9,9,9,9,16,9,13,10,
9,6,19,9,16,9,15,9,9,9,9,9,16,9,13,10,
9,6,19,9,16,9,15,9,9,9,9,9,16,9,13,10,
9,6,19,9,16,9,15,9,9,9,9,9,16,9,13,10,
9,6,19,9,16,9,15,9,9,9,9,9,16,9,13,10,
9,6,19,9,16,9,15,9,9,9,9,9,16,9,13,10,
9,6,19,9,16,9,16,9,9,9,9,9,16,9,13,10,
9,6,19,9,16,9,15,9,9,9,9,9,16,9,13,10,
9,6,19,9,16,9,15,9,9,9,9,9,16,9,13,10,
9,6,19,9,16,9,15,9,9,9,9,9,16,9,13,10,
9,6,19,9,16,9,15,9,9,9,9,9,16,9,13,10,
9,6,19,9,16,9,15,9,9,9,9,9,16,9,13,10,
9,6,19,9,16,9,15,9,9,9,9,9,16,9,13,10,
9,6,19,9,16,9,15,9,9,9,9,9,16,9,13,10,
9,6,19,9,16,9,15,9,9,9,9,9,16,9,13,10,
9,6,19,9,16,9,15,9,9,9,9,9,16,9,13,10,
9,6,19,9,16,9,15,9,9,9,9,9,16,9,13,10,
9,6,19,9,16,9,16,9,9,9,9,9,16,9,13,10,
9,6,19,9,16,9,15,9,9,9,9,9,16,9,13,10,
9,6,19,9,16,9,16,9,9,9,9,9,16,9,13,10,
9,6,19,9,16,9,15,9,9,9,9,9,16,9,13,10,
9,6,19,9,16,9,15,9,9,9,9,9,16,9,13,10,
9,6,19,9,16,9,15,9,9,9,9,9,16,9,13,10,
9,6,19,9,16,9,15,9,9,9,9,9,16,9,13,10,
9,6,19,9,16,9,15,9,9,9,9,9,16,9,13,10,
9,6,19,9,16,9,15,9,9,9,9,9,16,9,13,10,
9,6,19,9,16,9,15,9,9,9,9,9,16,9,13,10,
9,6,19,9,16,9,15,9,9,9,9,9,16,9,13,10,
9,6,19,9,16,9,16,9,9,9,9,9,16,9,13,10,
9,6,19,9,16,9,16,9,9,9,9,9,16,9,13,10,
9,6,19,9,16,9,15,9,9,9,9,9,16,9,13,10,
9,6,17,9,16,9,15,9,9,9,9,9,15,9,13,10,
9,6,17,9,16,9,15,9,9,9,9,9,15,9,13,10,
9,6,17,9,16,9,15,9,9,9,9,9,15,9,13,10,
9,6,17,9,16,9,15,9,9,9,9,9,15,9,13,10,
9,6,17,9,16,9,15,9,9,9,9,9,15,9,13,10,
9,6,17,9,16,9,15,9,9,9,9,9,15,9,13,10,
9,6,17,9,16,9,15,9,9,9,9,9,15,9,13,10,
9,6,17,9,16,9,15,9,9,9,9,9,15,9,13,10,
9,6,17,9,16,9,15,9,9,9,9,9,15,9,13,10,
9,6,17,9,16,9,15,9,9,9,9,9,15,9,13,10,
9,6,17,9,16,9,15,9,9,9,9,9,15,9,13,10,
9,6,17,9,16,9,15,9,9,9,9,9,15,9,13,10,
9,6,17,9,16,9,15,9,9,9,9,9,15,9,13,10,
9,6,17,9,16,9,15,9,9,9,9,9,15,9,13,10,
9,6,17,9,16,9,15,9,9,9,9,9,15,9,13,10,
9,6,17,9,16,9,15,9,9,9,9,9,15,9,13,10,
9,6,17,9,16,9,15,9,9,9,9,9,15,9,13,10,
9,6,17,9,16,9,15,9,9,9,9,9,15,9,13,10,
9,6,17,9,16,9,15,9,9,9,9,9,15,9,13,10,
9,6,17,9,16,9,15,9,9,9,9,9,15,9,13,10,
9,6,17,9,16,9,15,9,9,9,9,9,15,9,13,10,
9,6,17,9,16,9,15,9,9,9,9,9,15,9,13,10,
9,6,17,9,16,9,15,9,9,9,9,9,15,9,13,10,
9,6,17,9,16,9,15,9,9,9,9,9,15,9,13,10,
9,6,17,9,16,9,15,9,9,9,9,9,15,9,13,10,
9,6,17,9,16,9,15,9,9,9,9,9,15,9,13,10,
9,6,17,9,16,9,15,9,9,9,9,9,15,9,13,10,
9,6,17,9,16,9,15,9,9,9,9,9,15,9,13,10,
9,6,17,9,16,9,15,9,9,9,9,9,15,9,13,10,
9,6,17,9,16,9,15,9,9,9,9,9,15,9,13,10,
9,6,17,9,16,9,15,9,9,9,9,9,15,9,13,10,
9,6,17,9,16,9,15,9,9,9,9,9,15,9,13,10,
9,6,17,9,16,9,15,9,9,9,9,9,15,9,13,10,
9,6,17,9,16,9,15,9,9,9,9,9,15,9,13,10,
9,6,17,9,16,9,15,9,9,9,9,9,15,9,13,10,
9,6,17,9,16,9,15,9,9,9,9,9,15,9,13,10,
9,6,17,9,16,9,15,9,9,9,9,9,15,9,13,10,
9,6,17,9,16,9,15,9,9,9,9,9,15,9,13,10,
9,6,17,9,16,9,15,9,9,9,9,9,15,9,13,10,
9,6,17,9,16,9,15,9,9,9,9,9,15,9,13,10,
9,6,17,9,16,9,15,9,9,9,9,9,15,9,13,10,
9,6,17,9,16,9,15,9,9,9,9,9,15,9,13,10,
9,6,17,9,16,9,15,9,9,9,9,9,15,9,13,10,
9,6,17,9,16,9,15,9,9,9,9,9,15,9,13,10,
9,6,17,9,16,9,15,9,9,9,9,9,15,9,13,10,
9,6,17,9,16,9,15,9,9,9,9,9,15,9,13,10,
9,6,17,9,16,9,15,9,9,9,9,9,15,9,13,10,
9,6,17,9,16,9,15,9,9,9,9,9,15,9,13,10,
9,6,17,9,16,9,15,9,9,9,9,9,15,9,13,10,
9,6,17,9,16,9,15,9,9,9,9,9,15,9,13,10,
9,6,17,9,16,9,15,9,9,9,9,9,15,9,13,10,
9,6,17,9,16,9,15,9,9,9,9,9,15,9,13,10,
9,6,17,9,16,9,15,9,9,9,9,9,15,9,13,10,
9,6,17,9,16,9,15,9,9,9,9,9,15,9,13,10,
9,6,17,9,16,9,15,9,9,9,9,9,15,9,13,10,
9,6,17,9,16,9,15,9,9,9,9,9,15,9,13,10,
9,6,17,9,16,9,15,9,9,9,9,9,15,9,13,10,
9,6,17,9,16,9,15,9,9,9,9,9,15,9,13,10,
9,6,17,9,16,9,15,9,9,9,9,9,15,9,13,10,
9,6,17,9,16,9,15,9,9,9,9,9,15,9,13,10,
9,6,17,9,16,9,15,9,9,9,9,9,15,9,13,10,
9,6,17,9,16,9,15,9,9,9,9,9,15,9,13,10,
9,6,17,9,16,9,15,9,9,9,9,9,15,9,13,10,
9,6,17,9,16,9,15,9,9,9,9,9,15,9,13,10,
9,6,17,9,16,9,15,9,9,9,9,9,15,9,13,10,
9,6,17,9,16,9,15,9,9,9,9,9,15,9,13,10,
9,6,17,9,16,9,15,9,9,9,9,9,15,9,13,10,
9,6,17,9,16,9,15,9,9,9,9,9,15,9,13,10,
9,6,17,9,16,9,15,9,9,9,9,9,15,9,13,10,
9,6,17,9,16,9,15,9,9,9,9,9,15,9,13,10,
9,6,17,9,16,9,15,9,9,9,9,9,15,9,13,10,
9,6,17,9,16,9,15,9,9,9,9,9,15,9,13,10,
9,6,17,9,16,9,15,9,9,9,9,9,15,9,13,10,
9,6,17,9,16,9,15,9,9,9,9,9,15,9,13,10,
9,6,17,9,16,9,15,9,9,9,9,9,15,9,13,10,
9,6,17,9,16,9,15,9,9,9,9,9,15,9,13,10,
9,6,17,9,16,9,15,9,9,9,9,9,15,9,13,10,
9,6,17,9,16,9,15,9,9,9,9,9,15,9,13,10,
9,6,17,9,16,9,15,9,9,9,9,9,15,9,13,10,
9,6,17,9,16,9,15,9,9,9,9,9,15,9,13,10,
9,6,17,9,16,9,15,9,9,9,9,9,15,9,13,10,
9,6,17,9,16,9,15,9,9,9,9,9,15,9,13,10,
9,6,17,9,16,9,15,9,9,9,9,9,15,9,13,10,
9,6,17,9,16,9,15,9,9,9,9,9,15,9,13,10,
9,6,17,9,16,9,15,9,9,9,9,9,15,9,13,10,
9,6,17,9,16,9,15,9,9,9,9,9,15,9,13,10,
9,6,17,9,16,9,15,9,9,9,9,9,15,9,13,10,
9,6,17,9,16,9,15,9,9,9,9,9,15,9,13,10,
9,6,17,9,16,9,15,9,9,9,9,9,15,9,13,10,
9,6,17,9,16,9,15,9,9,9,9,9,15,9,13,10,
9,6,17,9,16,9,15,9,9,9,9,9,15,9,13,10,
9,6,17,9,16,9,15,9,9,9,9,9,15,9,13,10,
9,6,17,9,16,9,15,9,9,9,9,9,15,9,13,10,
9,6,17,9,16,9,15,9,9,9,9,9,15,9,13,10,
9,6,17,9,16,9,15,9,9,9,9,9,15,9,13,10,
9,6,17,9,16,9,15,9,9,9,9,9,15,9,13,10,
9,6,17,9,16,9,15,9,9,9,9,9,15,9,13,10,
9,6,17,9,16,9,15,9,9,9,9,9,15,9,13,10,
9,6,17,9,16,9,15,9,9,9,9,9,15,9,13,10,
9,6,17,9,16,9,15,9,9,9,9,9,15,9,13,10,
